Submission id,Participant id,Status,Custom study tncs accepted at,Started at,Completed at,Reviewed at,Archived at,Time taken,Completion code,Total approvals,Primary language,Age,Sex,Ethnicity simplified,Country of birth,Country of residence,Nationality,Language,Student status,Employment status
663a3aa0088f5084f24698e4,5efae44f5a33e693df274fea,APPROVED,Not Applicable,2024-05-07T14:28:56.788000Z,2024-05-07T14:41:43.911000Z,2024-05-08T13:23:04.921000Z,2024-05-07T14:41:44.481853Z,768,C1J0M9K6,925,English,49,Female,White,United Kingdom,United Kingdom,United Kingdom,English,No,Part-Time
663a3aad8a8d4633b94740ba,60d0ead827bdcce9869be293,RETURNED,Not Applicable,2024-05-07T14:29:10.106000Z,,,2024-05-28T21:33:18.935961Z,,,272,CONSENT_REVOKED,CONSENT_REVOKED,CONSENT_REVOKED,CONSENT_REVOKED,CONSENT_REVOKED,CONSENT_REVOKED,CONSENT_REVOKED,CONSENT_REVOKED,CONSENT_REVOKED,CONSENT_REVOKED
663a3aae92d43c875ddb17a1,640105daa923d3f5f2669039,RETURNED,Not Applicable,2024-05-07T14:29:18.296000Z,,,2024-05-28T20:33:14.535903Z,,,751,CONSENT_REVOKED,CONSENT_REVOKED,CONSENT_REVOKED,CONSENT_REVOKED,CONSENT_REVOKED,CONSENT_REVOKED,CONSENT_REVOKED,CONSENT_REVOKED,CONSENT_REVOKED,CONSENT_REVOKED
663a3ab5e59ccd1acf4bbbf1,5d3b434d9fb7400001ed3e23,RETURNED,Not Applicable,2024-05-07T14:29:17.291000Z,,,2024-05-28T20:33:14.535947Z,,,485,CONSENT_REVOKED,CONSENT_REVOKED,CONSENT_REVOKED,CONSENT_REVOKED,CONSENT_REVOKED,CONSENT_REVOKED,CONSENT_REVOKED,CONSENT_REVOKED,CONSENT_REVOKED,CONSENT_REVOKED
663a3ac68a8d4633b94740c9,5d5d408434988d000117b2c7,RETURNED,Not Applicable,2024-05-07T14:29:32.204000Z,,,2024-05-28T20:33:14.537748Z,,,653,CONSENT_REVOKED,CONSENT_REVOKED,CONSENT_REVOKED,CONSENT_REVOKED,CONSENT_REVOKED,CONSENT_REVOKED,CONSENT_REVOKED,CONSENT_REVOKED,CONSENT_REVOKED,CONSENT_REVOKED
663a3ad71fd41c826cfa6b95,5c8d5260f756d400166838d9,APPROVED,Not Applicable,2024-05-07T14:29:50.204000Z,2024-05-07T15:33:16.096000Z,2024-05-08T13:23:05.152000Z,2024-05-07T15:33:17.126620Z,3806,C1J0M9K6,893,English,76,Female,White,United Kingdom,United Kingdom,United Kingdom,Scots,No,"Not in paid work (e.g. homemaker', 'retired or disabled)"
663a3ae0f55c4147bc47c095,63d7a100223f6750c377fbe2,APPROVED,Not Applicable,2024-05-07T14:35:06.923000Z,2024-05-07T15:03:53.457000Z,2024-05-08T13:23:05.466000Z,2024-05-07T15:03:53.968301Z,1727,C1J0M9K6,583,English,42,Female,White,United Kingdom,United Kingdom,United Kingdom,English,No,Part-Time
663a3afa00f37b9cc16b33a8,5aec383502d69a0001f1ff30,APPROVED,Not Applicable,2024-05-07T14:30:34.254000Z,2024-05-07T14:50:35.508000Z,2024-05-08T13:23:05.669000Z,2024-05-07T14:50:36.084339Z,1202,C1J0M9K6,1677,English,69,Female,White,United Kingdom,United Kingdom,United Kingdom,English,No,"Not in paid work (e.g. homemaker', 'retired or disabled)"
663a3b3586fdbc04595b9db0,6149a2480ec7bd14c9fe92a5,APPROVED,Not Applicable,2024-05-07T14:32:17.455000Z,2024-05-07T14:46:52.345000Z,2024-05-08T13:23:05.877000Z,2024-05-07T14:47:35.906392Z,875,C1J0M9K6,386,English,41,Female,White,United Kingdom,United Kingdom,United Kingdom,English,No,Part-Time
663a3b3c24b25ff68c1d3aad,5feca8231d6cb4e39a927614,APPROVED,Not Applicable,2024-05-07T14:31:24.830000Z,2024-05-07T15:05:14.894000Z,2024-05-08T13:23:06.074000Z,2024-05-07T15:05:15.448314Z,2031,C1J0M9K6,296,English,21,Female,Mixed,Spain,United Kingdom,Spain,Spanish,DATA_EXPIRED,DATA_EXPIRED
663a3b731fd41c826cfa6bca,5d67a2bf6cd320001a36cb6b,APPROVED,Not Applicable,2024-05-07T14:32:25.339000Z,2024-05-07T14:52:33.334000Z,2024-05-08T13:23:06.255000Z,2024-05-07T14:52:33.908498Z,1208,C1J0M9K6,1709,English,68,Male,White,United Kingdom,United Kingdom,United Kingdom,English,No,"Not in paid work (e.g. homemaker', 'retired or disabled)"
663a3b7ae59ccd1acf4bbc2c,6112937a54e78094098725fe,APPROVED,Not Applicable,2024-05-07T14:32:30.219000Z,2024-05-07T15:00:16.093000Z,2024-05-08T13:23:06.446000Z,2024-05-07T15:00:16.884305Z,1666,C1J0M9K6,709,"English, Urdu",21,Female,Asian,Pakistan,United Kingdom,United Kingdom,Urdu,Yes,Part-Time
663a3b8824b25ff68c1d3acb,642afaa03f927312a91a4c87,RETURNED,Not Applicable,2024-05-07T14:32:47.059000Z,,,2024-05-28T20:33:14.583977Z,,,662,CONSENT_REVOKED,CONSENT_REVOKED,CONSENT_REVOKED,CONSENT_REVOKED,CONSENT_REVOKED,CONSENT_REVOKED,CONSENT_REVOKED,CONSENT_REVOKED,CONSENT_REVOKED,CONSENT_REVOKED
663a3ba6edf4fdcf6c42a400,60b2785e793387fa22524fce,APPROVED,Not Applicable,2024-05-07T14:33:17.123000Z,2024-05-07T14:42:43.067000Z,2024-05-08T13:23:06.643000Z,2024-05-07T14:42:43.595968Z,566,C1J0M9K6,1182,"English, Polish",27,Female,White,Poland,United Kingdom,Poland,Polish,No,Full-Time
663a3baee7a3eb4a55785315,62e02c96140489fcd123e187,APPROVED,Not Applicable,2024-05-07T14:33:24.159000Z,2024-05-07T14:53:57.066000Z,2024-05-08T13:23:06.836000Z,2024-05-07T14:53:58.209894Z,1233,C1J0M9K6,602,English,56,Female,White,United Kingdom,United Kingdom,United Kingdom,English,No,Part-Time
663a3bc58875f5a91d248e99,60fd350d588f4b72f733c1ef,RETURNED,Not Applicable,2024-05-07T14:33:49.388000Z,,,2024-05-28T20:33:14.541086Z,,,177,CONSENT_REVOKED,CONSENT_REVOKED,CONSENT_REVOKED,CONSENT_REVOKED,CONSENT_REVOKED,CONSENT_REVOKED,CONSENT_REVOKED,CONSENT_REVOKED,CONSENT_REVOKED,CONSENT_REVOKED
663a3bc6f55c4147bc47c0f7,63e3ae9a69fe37cb356d7867,APPROVED,Not Applicable,2024-05-07T14:33:48.412000Z,2024-05-07T15:05:02.448000Z,2024-05-08T13:23:07.028000Z,2024-05-07T15:05:03.022386Z,1875,C1J0M9K6,355,English,76,Male,White,New Zealand,United Kingdom,New Zealand,English,No,DATA_EXPIRED
663a3bc863b420f621bed13b,6548ecb8df0db5617e001aef,APPROVED,Not Applicable,2024-05-07T14:33:49.765000Z,2024-05-07T14:48:11.449000Z,2024-05-08T13:23:07.226000Z,2024-05-07T14:48:12.236249Z,862,C1J0M9K6,175,English,56,Female,White,United Kingdom,United Kingdom,United Kingdom,English,No,"Not in paid work (e.g. homemaker', 'retired or disabled)"
663a3bd61b5fa0b99061a080,5f2458749912ad00087e5677,APPROVED,Not Applicable,2024-05-07T14:34:02.574000Z,2024-05-07T15:05:49.227000Z,2024-05-08T13:23:07.412000Z,2024-05-07T15:05:49.834611Z,1907,C1J0M9K6,1284,English,63,Female,White,United Kingdom,United Kingdom,United Kingdom,English,No,Part-Time
663a3bdc72be962104e5d0ac,5e64da5ac34e832466061bf8,RETURNED,Not Applicable,2024-05-07T14:34:07.284000Z,,,2024-05-28T21:33:19.033050Z,,,393,CONSENT_REVOKED,CONSENT_REVOKED,CONSENT_REVOKED,CONSENT_REVOKED,CONSENT_REVOKED,CONSENT_REVOKED,CONSENT_REVOKED,CONSENT_REVOKED,CONSENT_REVOKED,CONSENT_REVOKED
663a3be246764b70645a5f27,6447b2c1e875ad6ca1c3c378,APPROVED,Not Applicable,2024-05-07T14:34:16.326000Z,2024-05-07T15:06:45.137000Z,2024-05-08T13:23:07.604000Z,2024-05-07T15:06:45.720937Z,1949,C1J0M9K6,199,English,25,Female,White,United Kingdom,United Kingdom,United Kingdom,English,DATA_EXPIRED,DATA_EXPIRED
663a3beed90d1a1f2b39fe02,5b1f02823522660001b469a0,APPROVED,Not Applicable,2024-05-07T14:35:11.001000Z,2024-05-07T14:53:42.636000Z,2024-05-08T13:23:08.267000Z,2024-05-07T14:53:43.300784Z,1112,C1J0M9K6,836,English,36,Female,White,United Kingdom,United Kingdom,United Kingdom,English,No,Full-Time
663a3bf7609cc89103f03507,5bcf55505c2b810001dd11e7,APPROVED,Not Applicable,2024-05-07T14:34:35.231000Z,2024-05-07T15:00:05.280000Z,2024-05-08T13:23:08.524000Z,2024-05-07T15:00:05.798979Z,1531,C1J0M9K6,596,English,39,Female,White,United Kingdom,United Kingdom,United Kingdom,English,DATA_EXPIRED,Other
663a3c011155bda84ca56746,5b34b0d41d2f710001fbbcd5,APPROVED,Not Applicable,2024-05-07T14:34:57.033000Z,2024-05-07T14:46:26.537000Z,2024-05-08T13:23:08.733000Z,2024-05-07T14:47:30.887027Z,690,C1J0M9K6,1088,English,37,Male,White,United Kingdom,United Kingdom,United Kingdom,English,No,Part-Time
663a3c0abe7e836c1c31c8c1,6345a2111598d531ad5d1074,APPROVED,Not Applicable,2024-05-07T14:34:54.128000Z,2024-05-07T14:51:53.442000Z,2024-05-08T13:23:08.908000Z,2024-05-07T14:51:53.998193Z,1020,C1J0M9K6,231,English,69,Female,White,United Kingdom,United Kingdom,United Kingdom,English,No,DATA_EXPIRED
663a3c0bd74a6371cdd971fe,5d4d9ea8c088850019ec5b32,APPROVED,Not Applicable,2024-05-07T14:34:59.900000Z,2024-05-07T14:48:48.529000Z,2024-05-08T13:23:09.088000Z,2024-05-07T14:48:49.054878Z,829,C1J0M9K6,1945,English,48,Female,White,United Kingdom,United Kingdom,United Kingdom,English,No,Full-Time
663a3c0c5a4286f44a29a47b,563a7e0fbe9cac0011aab23b,APPROVED,Not Applicable,2024-05-07T14:34:59.493000Z,2024-05-07T14:46:03.484000Z,2024-05-08T13:23:09.272000Z,2024-05-07T14:47:26.296985Z,664,C1J0M9K6,1868,English,41,Female,White,United Kingdom,United Kingdom,United Kingdom,English,No,Full-Time
663a3c175954403e632db3d0,5a8ff02e4fcb2f0001d8bb9b,APPROVED,Not Applicable,2024-05-07T14:35:03.508000Z,2024-05-07T14:52:39.935000Z,2024-05-08T13:23:09.448000Z,2024-05-07T14:52:40.555975Z,1057,C1J0M9K6,784,English,34,Female,White,United Kingdom,United Kingdom,United Kingdom,English,Yes,Full-Time
663a3c371d9b6a651c468740,6295205424167eff340450f9,RETURNED,Not Applicable,2024-05-07T14:35:45.771000Z,,,2024-05-28T20:33:14.547381Z,,,1161,CONSENT_REVOKED,CONSENT_REVOKED,CONSENT_REVOKED,CONSENT_REVOKED,CONSENT_REVOKED,CONSENT_REVOKED,CONSENT_REVOKED,CONSENT_REVOKED,CONSENT_REVOKED,CONSENT_REVOKED
663a3c38f46f381c04b71586,60d9b714b53873508c7800c3,APPROVED,Not Applicable,2024-05-07T14:35:50.657000Z,2024-05-07T15:10:29.869000Z,2024-05-08T13:23:09.635000Z,2024-05-07T15:10:30.783394Z,2080,C1J0M9K6,334,English,24,Female,White,United Kingdom,United Kingdom,United Kingdom,English,No,Unemployed (and job seeking)
663a3c3fb9d113912fa428cf,568a9909316b10000c50ae46,RETURNED,Not Applicable,2024-05-07T14:35:52.529000Z,,,2024-05-28T20:33:14.561197Z,,,1389,CONSENT_REVOKED,CONSENT_REVOKED,CONSENT_REVOKED,CONSENT_REVOKED,CONSENT_REVOKED,CONSENT_REVOKED,CONSENT_REVOKED,CONSENT_REVOKED,CONSENT_REVOKED,CONSENT_REVOKED
663a3c411310afb652469686,6381ef78b1a4963aad7e8d52,APPROVED,Not Applicable,2024-05-07T14:35:58.744000Z,2024-05-07T14:59:20.778000Z,2024-05-08T13:23:09.817000Z,2024-05-07T14:59:21.274582Z,1403,C1J0M9K6,529,English,59,Female,White,United Kingdom,United Kingdom,United Kingdom,English,No,Part-Time
663a3c4721765f54dd0b824d,60979b540a2cf2468fde514b,APPROVED,Not Applicable,2024-05-07T14:36:08.469000Z,2024-05-07T15:15:09.345000Z,2024-05-08T13:23:10.005000Z,2024-05-07T15:15:10.836085Z,2341,C1J0M9K6,1408,English,51,Female,White,United Kingdom,United Kingdom,United Kingdom,English,No,Part-Time
663a3c620cca222d63862945,5d4927e399f83a00152bad4c,APPROVED,Not Applicable,2024-05-07T14:36:29.396000Z,2024-05-07T15:17:56.736000Z,2024-05-08T13:23:10.192000Z,2024-05-07T15:18:18.107315Z,2488,C1J0M9K6,1952,English,51,Male,White,United Kingdom,United Kingdom,United Kingdom,English,No,DATA_EXPIRED
663a3c77a1222e4aa645bda6,56a8a39f7f2472000c9382f6,APPROVED,Not Applicable,2024-05-07T14:36:44.518000Z,2024-05-07T15:06:35.976000Z,2024-05-08T13:23:10.372000Z,2024-05-07T15:06:36.686901Z,1792,C1J0M9K6,1573,English,76,Female,White,United Kingdom,United Kingdom,United Kingdom,English,No,DATA_EXPIRED
663a3c97a436d9b53461a087,6148a77497cc963096c6bfc9,RETURNED,Not Applicable,2024-05-07T14:37:11.852000Z,,,2024-05-28T20:33:14.554328Z,,,537,CONSENT_REVOKED,CONSENT_REVOKED,CONSENT_REVOKED,CONSENT_REVOKED,CONSENT_REVOKED,CONSENT_REVOKED,CONSENT_REVOKED,CONSENT_REVOKED,CONSENT_REVOKED,CONSENT_REVOKED
663a3ca2c9e7a1e78792750c,62eaa0c33967e8f35b3fb4ac,APPROVED,Not Applicable,2024-05-07T14:39:58.365000Z,2024-05-07T15:06:27.557000Z,2024-05-08T13:23:10.561000Z,2024-05-07T15:06:28.640930Z,1590,C1J0M9K6,370,English,20,Male,White,United Kingdom,United Kingdom,United Kingdom,English,No,Full-Time
663a3cbc418cb5210d193839,5ec7ad7362fff702b7c8c8fd,APPROVED,Not Applicable,2024-05-07T14:37:52.405000Z,2024-05-07T14:57:03.013000Z,2024-05-08T13:23:10.758000Z,2024-05-07T14:57:44.999511Z,1151,C1J0M9K6,969,"English, Punjabi",34,Male,White,United Kingdom,United Kingdom,United Kingdom,English,No,Full-Time
663a3cc62388709d90b21272,5ebfabc7676c2502837188cf,RETURNED,Not Applicable,2024-05-07T14:38:03.618000Z,,,2024-05-28T20:33:14.554156Z,,,1388,CONSENT_REVOKED,CONSENT_REVOKED,CONSENT_REVOKED,CONSENT_REVOKED,CONSENT_REVOKED,CONSENT_REVOKED,CONSENT_REVOKED,CONSENT_REVOKED,CONSENT_REVOKED,CONSENT_REVOKED
663a3cc8305201467745bd5e,5ea0627f31802801d5675c08,APPROVED,Not Applicable,2024-05-07T14:38:05.637000Z,2024-05-07T14:57:06.751000Z,2024-05-08T13:23:10.945000Z,2024-05-07T14:57:46.479759Z,1142,C1J0M9K6,1941,English,65,Male,White,United Kingdom,United Kingdom,United Kingdom,English,No,"Not in paid work (e.g. homemaker', 'retired or disabled)"
663a3cd5af16c40a23967b54,60470afc4dc9bd18eada3201,APPROVED,Not Applicable,2024-05-07T14:38:18.598000Z,2024-05-07T14:53:15.881000Z,2024-05-08T13:23:11.132000Z,2024-05-07T14:53:16.745689Z,898,C1J0M9K6,1536,English,29,Female,White,United Kingdom,United Kingdom,United Kingdom,English,No,Full-Time
663a3cda90e7a461c6248f25,5c253dc4191c0c0001e7e063,APPROVED,Not Applicable,2024-05-07T14:38:23.318000Z,2024-05-07T14:57:29.313000Z,2024-05-08T13:23:11.419000Z,2024-05-07T14:57:56.403098Z,1146,C1J0M9K6,2044,English,62,Male,White,United Kingdom,United Kingdom,United Kingdom,English,No,Full-Time
663a3cdae12841373d2f6abc,636594aeb530d6f0868d9806,APPROVED,Not Applicable,2024-05-07T14:39:06.065000Z,2024-05-07T15:29:37.940000Z,2024-05-08T13:23:11.604000Z,2024-05-07T15:30:20.616194Z,3032,C1J0M9K6,721,English,58,Male,White,United Kingdom,United Kingdom,United Kingdom,English,DATA_EXPIRED,Other
663a3cdae12841373d2f6abf,5cb902701f3e4c00015d1ab8,RETURNED,Not Applicable,2024-05-07T14:38:27.695000Z,,,2024-05-28T21:33:19.052206Z,,,956,CONSENT_REVOKED,CONSENT_REVOKED,CONSENT_REVOKED,CONSENT_REVOKED,CONSENT_REVOKED,CONSENT_REVOKED,CONSENT_REVOKED,CONSENT_REVOKED,CONSENT_REVOKED,CONSENT_REVOKED
663a3ce84fa2ce6135a59745,5eced49f680aa62e1e265eee,APPROVED,Not Applicable,2024-05-07T14:38:35.877000Z,2024-05-07T14:59:16.757000Z,2024-05-08T13:23:11.795000Z,2024-05-07T14:59:17.294516Z,1241,C1J0M9K6,1318,"English, Welsh",34,Male,White,United Kingdom,United Kingdom,United Kingdom,English,No,Full-Time
663a3cf070c07e036503baad,60650e72f3359295eb889c0f,APPROVED,Not Applicable,2024-05-07T14:38:45.352000Z,2024-05-07T14:49:52.642000Z,2024-05-08T13:23:11.980000Z,2024-05-07T14:49:53.268668Z,668,C1J0M9K6,525,English,21,Female,White,United Kingdom,United Kingdom,United Kingdom,English,Yes,Unemployed (and job seeking)
663a3cf32c63f71c198c4c56,6028e8deb16a4524f12629de,APPROVED,Not Applicable,2024-05-07T14:38:47.280000Z,2024-05-07T14:56:32.450000Z,2024-05-08T13:23:12.188000Z,2024-05-07T14:57:37.437768Z,1066,C1J0M9K6,1238,English,26,Female,White,United Kingdom,United Kingdom,United Kingdom,English,Yes,Full-Time
663a3cf52c63f71c198c4c58,6136001fcd0e07e6f5f66bc1,APPROVED,Not Applicable,2024-05-07T14:38:50.373000Z,2024-05-07T14:55:49.922000Z,2024-05-08T13:23:12.387000Z,2024-05-07T14:57:24.332278Z,1020,C1J0M9K6,1833,"English, Welsh",25,Female,White,United Kingdom,United Kingdom,United Kingdom,English,No,Full-Time
663a3cf8fecf524b53909664,594e2ffc27f8fb000162078b,APPROVED,Not Applicable,2024-05-07T14:38:55.226000Z,2024-05-07T14:48:28.772000Z,2024-05-08T13:23:12.638000Z,2024-05-07T14:48:29.299906Z,574,C1J0M9K6,1926,English,45,Female,White,United Kingdom,United Kingdom,United Kingdom,English,No,Part-Time
663a3d0717a76bd0af42a1e1,5965f557b9153e00016174d0,APPROVED,Not Applicable,2024-05-07T14:39:20.082000Z,2024-05-07T15:00:53.272000Z,2024-05-08T13:23:12.851000Z,2024-05-07T15:00:53.874332Z,1294,C1J0M9K6,1974,English,59,Female,White,United Kingdom,United Kingdom,United Kingdom,English,No,"Not in paid work (e.g. homemaker', 'retired or disabled)"
663a3d0a72ba29ffdc3ca8fd,611bcfb66766d27a2ae33300,RETURNED,Not Applicable,2024-05-07T14:39:48.137000Z,,,2024-05-28T20:33:14.591634Z,,,687,CONSENT_REVOKED,CONSENT_REVOKED,CONSENT_REVOKED,CONSENT_REVOKED,CONSENT_REVOKED,CONSENT_REVOKED,CONSENT_REVOKED,CONSENT_REVOKED,CONSENT_REVOKED,CONSENT_REVOKED
663a3d0c16ad0e1ecbdcbbb0,5be059664c397b0001ec2db2,RETURNED,Not Applicable,2024-05-07T14:39:24.550000Z,,,2024-05-28T20:33:14.560791Z,,,1461,CONSENT_REVOKED,CONSENT_REVOKED,CONSENT_REVOKED,CONSENT_REVOKED,CONSENT_REVOKED,CONSENT_REVOKED,CONSENT_REVOKED,CONSENT_REVOKED,CONSENT_REVOKED,CONSENT_REVOKED
663a3d130a593ce2dfa54427,5eaf0acf4413665f37de789b,RETURNED,Not Applicable,2024-05-07T14:39:29.476000Z,,,2024-05-28T20:33:14.574905Z,,,811,CONSENT_REVOKED,CONSENT_REVOKED,CONSENT_REVOKED,CONSENT_REVOKED,CONSENT_REVOKED,CONSENT_REVOKED,CONSENT_REVOKED,CONSENT_REVOKED,CONSENT_REVOKED,CONSENT_REVOKED
663a3d16fef25b3c24cbc2d1,614991f899042a3e2582a626,RETURNED,Not Applicable,2024-05-07T14:50:00.051000Z,,,2024-05-28T21:33:19.147576Z,,,458,CONSENT_REVOKED,CONSENT_REVOKED,CONSENT_REVOKED,CONSENT_REVOKED,CONSENT_REVOKED,CONSENT_REVOKED,CONSENT_REVOKED,CONSENT_REVOKED,CONSENT_REVOKED,CONSENT_REVOKED
663a3d27cf42adc83b79969f,5fe292a28fd71dea34d04453,APPROVED,Not Applicable,2024-05-07T14:39:41.570000Z,2024-05-07T15:34:17.660000Z,2024-05-08T13:23:13.036000Z,2024-05-07T15:34:18.204059Z,3277,C1J0M9K6,1058,English,22,Male,White,United Kingdom,United Kingdom,United Kingdom,English,No,Full-Time
663a3d2dc3986991aa08292a,60956679c5e66352f1aba6f1,APPROVED,Not Applicable,2024-05-07T14:39:46.975000Z,2024-05-07T14:50:25.757000Z,2024-05-08T13:23:13.223000Z,2024-05-07T14:50:26.346767Z,639,C1J0M9K6,318,English,31,Female,White,Canada,United Kingdom,United Kingdom,English,No,Full-Time
663a3d35e7e2fd18737bd977,5b69f6dd9c90670001ae3359,APPROVED,Not Applicable,2024-05-07T14:39:53.057000Z,2024-05-07T14:49:10.603000Z,2024-05-08T13:23:13.425000Z,2024-05-07T14:49:11.299878Z,558,C1J0M9K6,838,English,37,Female,White,United Kingdom,United Kingdom,United Kingdom,English,No,DATA_EXPIRED
663a3d418a8d4633b94741f8,6175622f78f8039a4c62bb83,APPROVED,Not Applicable,2024-05-07T14:41:31.506000Z,2024-05-07T15:09:07.191000Z,2024-05-08T13:23:13.628000Z,2024-05-07T15:09:18.614319Z,1656,C1J0M9K6,1549,English,26,Female,White,United Kingdom,United Kingdom,United Kingdom,English,No,Full-Time
663a3d499ef7e5d9178c4c87,628f6b8837248d46a50776f7,APPROVED,Not Applicable,2024-05-07T14:40:14.746000Z,2024-05-07T14:55:58.740000Z,2024-05-08T13:23:13.816000Z,2024-05-07T14:57:27.615790Z,944,C1J0M9K6,982,English,45,Male,White,Spain,United Kingdom,Spain,Spanish,No,Full-Time
663a3d4ac4c0aceb8578d9a9,5edcea8b73beeb9b0a9d18c9,APPROVED,Not Applicable,2024-05-07T14:43:23.667000Z,2024-05-07T14:53:38.767000Z,2024-05-08T13:23:14.020000Z,2024-05-07T14:53:39.340520Z,616,C1J0M9K6,945,English,32,Female,White,United Kingdom,United Kingdom,United Kingdom,English,No,Part-Time
663a3d5cbdc997e7174cee62,5629f7f1c8ffc2000f5135a0,RETURNED,Not Applicable,2024-05-07T14:41:14.694000Z,,,2024-05-28T20:33:14.563903Z,,,2148,CONSENT_REVOKED,CONSENT_REVOKED,CONSENT_REVOKED,CONSENT_REVOKED,CONSENT_REVOKED,CONSENT_REVOKED,CONSENT_REVOKED,CONSENT_REVOKED,CONSENT_REVOKED,CONSENT_REVOKED
663a3d6d4265d1cad26f5ada,62ed08434085fad9eefdfe1a,APPROVED,Not Applicable,2024-05-07T14:41:03.280000Z,2024-05-07T15:26:16.192000Z,2024-05-08T13:23:14.221000Z,2024-05-07T15:29:06.348254Z,2713,C1J0M9K6,853,English,58,Male,White,United Kingdom,United Kingdom,United Kingdom,English,No,"Not in paid work (e.g. homemaker', 'retired or disabled)"
663a3d6e594319c2da29a18d,58c1c33427e23a0001b4ea0b,APPROVED,Not Applicable,2024-05-07T14:40:55.096000Z,2024-05-07T15:04:10.498000Z,2024-05-08T13:23:14.445000Z,2024-05-07T16:04:11.290600Z,1396,C1J0M9K6,1590,English,54,Female,White,United Kingdom,United Kingdom,United Kingdom,English,No,Full-Time
663a3d737ff4ecdc6f8f4291,5d95dfca33f8930017e85486,APPROVED,Not Applicable,2024-05-07T14:40:55.755000Z,2024-05-07T14:58:01.644000Z,2024-05-08T13:23:14.627000Z,2024-05-07T14:58:06.059988Z,1026,C1J0M9K6,1530,English,47,Female,White,United Kingdom,United Kingdom,United Kingdom,English,No,Part-Time
663a3d85c0d2110bb6ed7b07,62d999e7f5f2cde114f4169e,APPROVED,Not Applicable,2024-05-07T14:41:21.024000Z,2024-05-07T15:03:46.773000Z,2024-05-08T13:23:14.827000Z,2024-05-07T15:03:47.318379Z,1346,C1J0M9K6,534,English,34,Male,White,United Kingdom,United Kingdom,United Kingdom,English,No,Full-Time
663a3d97c0e3d0ef4f1b04a5,61fa936e5719bc09cb834cbe,APPROVED,Not Applicable,2024-05-07T14:41:31.322000Z,2024-05-07T15:04:12.786000Z,2024-05-08T13:23:15.064000Z,2024-05-07T15:04:13.540172Z,1362,C1J0M9K6,1114,English,29,Female,White,United Kingdom,United Kingdom,United Kingdom,English,No,DATA_EXPIRED
663a3d98294293fdf8d822fc,63ea6fd5f35892d3e2c6e16c,APPROVED,Not Applicable,2024-05-07T14:43:16.333000Z,2024-05-07T15:20:44.198000Z,2024-05-08T13:23:15.252000Z,2024-05-07T15:21:13.230790Z,2248,C1J0M9K6,773,English,27,Male,White,United Kingdom,United Kingdom,United Kingdom,English,No,Full-Time
663a3d99472e3472df33f8d6,613bae70cab01ced932e5e9f,APPROVED,Not Applicable,2024-05-07T14:41:32.295000Z,2024-05-07T15:12:41.709000Z,2024-05-08T13:23:15.443000Z,2024-05-07T15:12:42.213397Z,1870,C1J0M9K6,1208,English,31,Female,White,United Kingdom,United Kingdom,United Kingdom,English,DATA_EXPIRED,DATA_EXPIRED
663a3d9a517df5252dcae3c3,59e74251d838ae0001850b6a,RETURNED,Not Applicable,2024-05-07T14:41:38.674000Z,,,2024-05-28T20:33:14.575017Z,,,2070,CONSENT_REVOKED,CONSENT_REVOKED,CONSENT_REVOKED,CONSENT_REVOKED,CONSENT_REVOKED,CONSENT_REVOKED,CONSENT_REVOKED,CONSENT_REVOKED,CONSENT_REVOKED,CONSENT_REVOKED
663a3da3b7f1f349252e3ceb,579e5da516020100010416b8,APPROVED,Not Applicable,2024-05-07T14:41:44.833000Z,2024-05-07T15:05:15.828000Z,2024-05-08T13:23:15.632000Z,2024-05-07T15:05:16.633527Z,1411,C1J0M9K6,2095,English,62,Male,White,United Kingdom,United Kingdom,United Kingdom,English,DATA_EXPIRED,DATA_EXPIRED
663a3daeaf16c40a23967b82,600092321467ea1431ac2de9,APPROVED,Not Applicable,2024-05-07T14:41:58.496000Z,2024-05-07T15:41:22.663000Z,2024-05-08T13:23:15.816000Z,2024-05-07T15:43:27.519668Z,3565,C1J0M9K6,925,English,62,Female,White,United Kingdom,United Kingdom,United Kingdom,English,No,"Not in paid work (e.g. homemaker', 'retired or disabled)"
663a3dd484b5a24e3ce5d1aa,5a6e4286e6cc4a0001b6d281,TIMED-OUT,Not Applicable,2024-05-07T14:42:34.594000Z,,,2024-05-28T20:33:14.572932Z,1835441,,1462,English,35,Male,White,United Kingdom,United Kingdom,United Kingdom,English,No,Full-Time
663a3dd50582c63aa2927506,5dc68e918a84464c2e4fe929,APPROVED,Not Applicable,2024-05-07T14:46:42.190000Z,2024-05-07T15:01:10.273000Z,2024-05-08T13:23:16.009000Z,2024-05-07T15:01:10.805669Z,869,C1J0M9K6,2194,"English, Punjabi",50,Female,Asian,United Kingdom,United Kingdom,United Kingdom,English,No,DATA_EXPIRED
663a3ddc1fd41c826cfa6c5e,56cf683331a5bc000de1d20e,RETURNED,Not Applicable,2024-05-07T14:42:41.368000Z,,,2024-05-28T21:33:19.321294Z,,,1542,CONSENT_REVOKED,CONSENT_REVOKED,CONSENT_REVOKED,CONSENT_REVOKED,CONSENT_REVOKED,CONSENT_REVOKED,CONSENT_REVOKED,CONSENT_REVOKED,CONSENT_REVOKED,CONSENT_REVOKED
663a3dddafe3803aca069edc,64e871eb5d4b2bd9ce50f82b,APPROVED,Not Applicable,2024-05-07T14:42:39.756000Z,2024-05-07T15:05:32.222000Z,2024-05-08T13:23:16.191000Z,2024-05-07T15:05:32.775352Z,1373,C1J0M9K6,350,"English, Turkish",27,Female,Asian,United Kingdom,United Kingdom,United Kingdom,English,No,"Not in paid work (e.g. homemaker', 'retired or disabled)"
663a3de27ff4ecdc6f8f42a4,5f1d476fe89111648aa22948,APPROVED,Not Applicable,2024-05-07T14:42:46.776000Z,2024-05-07T15:40:36.568000Z,2024-05-08T13:23:16.374000Z,2024-05-07T15:43:11.949495Z,3470,C1J0M9K6,739,English,63,Female,White,United Kingdom,United Kingdom,United Kingdom,English,DATA_EXPIRED,DATA_EXPIRED
663a3deab18aa5c8bd58fcc3,5f5aa9f89a3ef61b0778d49a,APPROVED,Not Applicable,2024-05-07T14:42:58.642000Z,2024-05-07T14:54:18.711000Z,2024-05-08T13:23:16.577000Z,2024-05-07T14:54:19.299553Z,681,C1J0M9K6,192,English,39,Male,White,United Kingdom,United Kingdom,United Kingdom,English,No,Part-Time
663a3deb81debdac18bb7ca6,653e6994f28a8cdafe11eed8,RETURNED,Not Applicable,2024-05-07T14:42:57.411000Z,,,2024-05-28T20:33:14.585205Z,,,268,CONSENT_REVOKED,CONSENT_REVOKED,CONSENT_REVOKED,CONSENT_REVOKED,CONSENT_REVOKED,CONSENT_REVOKED,CONSENT_REVOKED,CONSENT_REVOKED,CONSENT_REVOKED,CONSENT_REVOKED
663a3dec3b8bba275c053cad,6405ea70e659d84377d7cdb1,RETURNED,Not Applicable,2024-05-07T14:43:55.952000Z,,,2024-05-28T20:33:14.864657Z,,,787,CONSENT_REVOKED,CONSENT_REVOKED,CONSENT_REVOKED,CONSENT_REVOKED,CONSENT_REVOKED,CONSENT_REVOKED,CONSENT_REVOKED,CONSENT_REVOKED,CONSENT_REVOKED,CONSENT_REVOKED
663a3dec4320d69bf4e84beb,5885129a6907b40001de425a,APPROVED,Not Applicable,2024-05-07T14:42:57.329000Z,2024-05-07T15:23:39.095000Z,2024-05-08T13:23:16.770000Z,2024-05-07T15:23:39.764222Z,2442,C1J0M9K6,1869,English,40,Female,White,United Kingdom,United Kingdom,United Kingdom,English,No,Part-Time
663a3df05a7215037d78dd68,61687e15c1958f1b9114deee,APPROVED,Not Applicable,2024-05-07T14:43:01.922000Z,2024-05-07T15:01:31.507000Z,2024-05-08T13:23:16.983000Z,2024-05-07T15:01:31.972829Z,1110,C1J0M9K6,311,English,23,Female,White,United Kingdom,United Kingdom,United Kingdom,English,DATA_EXPIRED,DATA_EXPIRED
663a3df1682e340feabb7d10,5f3d63427c561a0f0d0cb09c,APPROVED,Not Applicable,2024-05-07T14:46:59.357000Z,2024-05-07T15:16:51.967000Z,2024-05-08T13:23:17.197000Z,2024-05-07T15:17:03.296878Z,1793,C1J0M9K6,955,English,43,Male,White,United Kingdom,United Kingdom,United Kingdom,English,No,"Not in paid work (e.g. homemaker', 'retired or disabled)"
663a3df3b40c58fea6a0e18f,6229f1c215b1b83f71da3b71,APPROVED,Not Applicable,2024-05-07T14:43:03.277000Z,2024-05-07T15:41:08.092000Z,2024-05-08T13:23:17.411000Z,2024-05-07T15:43:24.789524Z,3485,C1J0M9K6,671,English,60,Male,White,United Kingdom,United Kingdom,United Kingdom,English,No,Part-Time
663a3df665a26419eacbc31f,62e9539d87c2f87eb19debe0,APPROVED,Not Applicable,2024-05-07T14:43:08.487000Z,2024-05-07T15:13:09.111000Z,2024-05-08T13:23:17.667000Z,2024-05-07T15:13:09.603036Z,1801,C1J0M9K6,1168,English,47,Male,White,United Kingdom,United Kingdom,United Kingdom,English,Yes,Full-Time
663a3df6a371b32542a0e197,5ad3fc75b02aca00012739b4,APPROVED,Not Applicable,2024-05-07T14:43:05.737000Z,2024-05-07T15:07:46.829000Z,2024-05-08T13:23:17.894000Z,2024-05-07T15:08:00.200095Z,1482,C1J0M9K6,361,"Japanese, English",25,Female,Other,United Kingdom,United Kingdom,United Kingdom,English,No,Full-Time
663a3df7af16c40a23967b92,59c4f0a2916c4d000109428a,RETURNED,Not Applicable,2024-05-07T14:43:15.321000Z,,,2024-05-28T21:33:19.452060Z,,,2146,CONSENT_REVOKED,CONSENT_REVOKED,CONSENT_REVOKED,CONSENT_REVOKED,CONSENT_REVOKED,CONSENT_REVOKED,CONSENT_REVOKED,CONSENT_REVOKED,CONSENT_REVOKED,CONSENT_REVOKED
663a3df800403ceab16aab6d,613f1a905c611a282adbe933,APPROVED,Not Applicable,2024-05-07T14:43:09.212000Z,2024-05-07T15:37:18.594000Z,2024-05-08T13:23:18.096000Z,2024-05-07T15:37:19.134174Z,3250,C1J0M9K6,1545,English,50,Male,Asian,United Kingdom,United Kingdom,United Kingdom,English,No,Full-Time
663a3dfae090aacd81919ec1,63d3f953f8fb0fe970f0d0c6,APPROVED,Not Applicable,2024-05-07T14:43:06.236000Z,2024-05-07T15:02:07.066000Z,2024-05-08T13:23:18.308000Z,2024-05-07T15:02:07.704996Z,1141,C1J0M9K6,747,"Bulgarian, English",33,Female,White,Bulgaria,United Kingdom,United Kingdom,Bulgarian,No,Full-Time
663a3dfb8a8d4633b9474258,6107247967dedd82e06c6f27,RETURNED,Not Applicable,2024-05-07T14:43:13.334000Z,,,2024-05-28T20:33:14.617920Z,,,1006,CONSENT_REVOKED,CONSENT_REVOKED,CONSENT_REVOKED,CONSENT_REVOKED,CONSENT_REVOKED,CONSENT_REVOKED,CONSENT_REVOKED,CONSENT_REVOKED,CONSENT_REVOKED,CONSENT_REVOKED
663a3e05a93891a76ded7b1a,5cd9bf462d78d1001526609b,APPROVED,Not Applicable,2024-05-07T14:43:34.372000Z,2024-05-07T15:13:04.395000Z,2024-05-08T13:23:18.494000Z,2024-05-07T15:13:04.965314Z,1771,C1J0M9K6,128,English,30,Female,White,United Kingdom,United Kingdom,United Kingdom,English,No,"Not in paid work (e.g. homemaker', 'retired or disabled)"
663a3e06a15a975dbe8d8e55,64135e5651180cd4c2843e4f,APPROVED,Not Applicable,2024-05-07T14:43:24.515000Z,2024-05-07T14:50:09.970000Z,2024-05-08T13:23:18.687000Z,2024-05-07T14:50:10.849382Z,406,C1J0M9K6,625,English,38,Female,White,United Kingdom,United Kingdom,United Kingdom,English,No,Full-Time
663a3e086139b4499858fc8d,5a3be356c69d960001598162,APPROVED,Not Applicable,2024-05-07T14:43:26.191000Z,2024-05-07T15:41:28.550000Z,2024-05-08T13:23:18.873000Z,2024-05-07T15:43:28.513349Z,3483,C1J0M9K6,101,English,33,Female,White,United Kingdom,United Kingdom,United Kingdom,English,No,Full-Time
663a3e0e65a26419eacbc322,5d2464b812b27400011db6e7,RETURNED,Not Applicable,2024-05-07T14:43:31.763000Z,,,2024-05-28T20:33:14.600024Z,,,808,CONSENT_REVOKED,CONSENT_REVOKED,CONSENT_REVOKED,CONSENT_REVOKED,CONSENT_REVOKED,CONSENT_REVOKED,CONSENT_REVOKED,CONSENT_REVOKED,CONSENT_REVOKED,CONSENT_REVOKED
663a3e141074f9d5531b04f4,63cfff24ff982236dc481d96,RETURNED,Not Applicable,2024-05-07T14:43:32.944000Z,,,2024-05-28T20:33:14.610873Z,,,768,CONSENT_REVOKED,CONSENT_REVOKED,CONSENT_REVOKED,CONSENT_REVOKED,CONSENT_REVOKED,CONSENT_REVOKED,CONSENT_REVOKED,CONSENT_REVOKED,CONSENT_REVOKED,CONSENT_REVOKED
663a3e23472e3472df33f8f8,629f2a9c3effb1dc81c49116,RETURNED,Not Applicable,2024-05-07T14:43:51.849000Z,,,2024-05-28T21:33:19.409321Z,,,1206,CONSENT_REVOKED,CONSENT_REVOKED,CONSENT_REVOKED,CONSENT_REVOKED,CONSENT_REVOKED,CONSENT_REVOKED,CONSENT_REVOKED,CONSENT_REVOKED,CONSENT_REVOKED,CONSENT_REVOKED
663a3e244a9f782e615da588,5f4a8c8347b9fe5082353a3c,RETURNED,Not Applicable,2024-05-07T14:43:55.193000Z,,,2024-05-28T20:33:14.602087Z,,,1384,CONSENT_REVOKED,CONSENT_REVOKED,CONSENT_REVOKED,CONSENT_REVOKED,CONSENT_REVOKED,CONSENT_REVOKED,CONSENT_REVOKED,CONSENT_REVOKED,CONSENT_REVOKED,CONSENT_REVOKED
663a3e28f203aad9c4e51ce1,63690a2fac1145493528cb9f,APPROVED,Not Applicable,2024-05-07T14:43:54.825000Z,2024-05-07T14:55:35.636000Z,2024-05-08T13:23:19.058000Z,2024-05-07T14:57:20.165805Z,701,C1J0M9K6,477,English,32,Male,White,United Kingdom,United Kingdom,United Kingdom,English,No,Other
663a3e345954403e632db4be,5e53df2d8b62b33daf126ecd,APPROVED,Not Applicable,2024-05-07T14:44:07.711000Z,2024-05-07T15:38:44.106000Z,2024-05-08T13:23:19.247000Z,2024-05-07T15:38:45.003656Z,3277,C1J0M9K6,1100,English,49,Female,White,United Kingdom,United Kingdom,United Kingdom,English,DATA_EXPIRED,Part-Time
663a3e3721765f54dd0b82e2,5e0083e4946e97c761a0cefa,APPROVED,Not Applicable,2024-05-07T14:44:14.847000Z,2024-05-07T15:16:09.927000Z,2024-05-08T13:23:19.427000Z,2024-05-07T15:16:16.998871Z,1916,C1J0M9K6,1083,English,76,Female,White,United Kingdom,United Kingdom,United Kingdom,English,No,"Not in paid work (e.g. homemaker', 'retired or disabled)"
663a3e3a090c1629a38e764e,5d94f81f78648a0018f9c3ed,APPROVED,Not Applicable,2024-05-07T14:44:14.218000Z,2024-05-07T15:14:22.030000Z,2024-05-08T13:23:19.604000Z,2024-05-07T15:14:22.865726Z,1808,C1J0M9K6,512,"English, Japanese",37,Male,White,United Kingdom,United Kingdom,United Kingdom,English,No,Other
663a3e3bec65501b5ba5979d,58d9300e33fef3000118a808,APPROVED,Not Applicable,2024-05-07T14:44:16.732000Z,2024-05-07T15:12:20.755000Z,2024-05-08T13:23:19.825000Z,2024-05-07T15:12:21.300604Z,1685,C1J0M9K6,1858,English,52,Female,White,United Kingdom,United Kingdom,United Kingdom,English,No,Other
663a3e3e305201467745bdba,5788d88416a091000112be18,RETURNED,Not Applicable,2024-05-07T14:44:14.036000Z,,,2024-05-28T20:33:14.892834Z,,,1586,CONSENT_REVOKED,CONSENT_REVOKED,CONSENT_REVOKED,CONSENT_REVOKED,CONSENT_REVOKED,CONSENT_REVOKED,CONSENT_REVOKED,CONSENT_REVOKED,CONSENT_REVOKED,CONSENT_REVOKED
663a3e4b3e0528124dd97230,5a8d9bd3eea3d300016eb7f9,APPROVED,Not Applicable,2024-05-07T14:44:38.931000Z,2024-05-07T15:30:04.447000Z,2024-05-08T13:23:19.998000Z,2024-05-07T15:30:23.941976Z,2726,C1J0M9K6,878,English,43,Female,White,United Kingdom,United Kingdom,United Kingdom,English,No,Full-Time
663a3e4fb9aa78ee0fa5446b,5e19b24b2bf9512392d6dd90,APPROVED,Not Applicable,2024-05-07T14:44:38.558000Z,2024-05-07T15:25:12.744000Z,2024-05-08T13:23:20.182000Z,2024-05-07T15:25:16.275513Z,2435,C1J0M9K6,1401,English,60,Female,White,United Kingdom,United Kingdom,United Kingdom,English,No,"Not in paid work (e.g. homemaker', 'retired or disabled)"
663a3e536b443b78eab2131c,60ee998ece5d505f67377c0b,APPROVED,Not Applicable,2024-05-07T14:44:38.700000Z,2024-05-07T15:14:46.193000Z,2024-05-08T13:23:20.788000Z,2024-05-07T15:14:46.894190Z,1808,C1J0M9K6,1659,English,38,Male,Asian,United Kingdom,United Kingdom,United Kingdom,English,No,Full-Time
663a3e53afe3803aca069ef7,5cb87813635b940017c2037a,APPROVED,Not Applicable,2024-05-07T14:44:39.179000Z,2024-05-07T15:05:34.646000Z,2024-05-08T13:23:21.077000Z,2024-05-07T15:05:35.182153Z,1256,C1J0M9K6,1889,English,57,Female,White,United Kingdom,United Kingdom,United Kingdom,English,No,"Not in paid work (e.g. homemaker', 'retired or disabled)"
663a3e554eb5055175a90e6d,5ce6525a185715001708c627,APPROVED,Not Applicable,2024-05-07T14:44:41.866000Z,2024-05-07T14:58:58.295000Z,2024-05-08T13:23:21.331000Z,2024-05-07T14:58:58.771905Z,857,C1J0M9K6,765,English,36,Male,White,United Kingdom,United Kingdom,United Kingdom,English,No,Unemployed (and job seeking)
663a3e585c55e9ad2a5ea30b,5b673490e89b0d0001a885e7,RETURNED,Not Applicable,2024-05-07T14:44:44.289000Z,,,2024-05-28T21:33:19.450360Z,,,2033,CONSENT_REVOKED,CONSENT_REVOKED,CONSENT_REVOKED,CONSENT_REVOKED,CONSENT_REVOKED,CONSENT_REVOKED,CONSENT_REVOKED,CONSENT_REVOKED,CONSENT_REVOKED,CONSENT_REVOKED
663a3e5a5a7215037d78dd9f,602d1dd2d6ab3e694ea6ae9c,APPROVED,Not Applicable,2024-05-07T14:44:42.419000Z,2024-05-07T15:00:57.755000Z,2024-05-08T13:23:21.705000Z,2024-05-07T15:00:58.498463Z,976,C1J0M9K6,1017,"English, Romanian",39,Female,White,Romania,United Kingdom,DATA_EXPIRED,Romanian,No,Other
663a3e5cafe3803aca069ef9,5dc9e325ac77c76f8a335019,APPROVED,Not Applicable,2024-05-07T14:44:55.950000Z,2024-05-07T15:18:29.309000Z,2024-05-08T13:23:22.058000Z,2024-05-07T15:18:47.361444Z,2014,C1J0M9K6,107,English,35,Female,White,United Kingdom,United Kingdom,United Kingdom,English,No,Other
663a3e606a3ffaa44e8d9231,56a62dbf168892000c6ffdf1,RETURNED,Not Applicable,2024-05-07T14:44:59.653000Z,,,2024-05-28T20:33:14.616954Z,,,460,CONSENT_REVOKED,CONSENT_REVOKED,CONSENT_REVOKED,CONSENT_REVOKED,CONSENT_REVOKED,CONSENT_REVOKED,CONSENT_REVOKED,CONSENT_REVOKED,CONSENT_REVOKED,CONSENT_REVOKED
663a3e63b18aa5c8bd58fceb,5c0405635c05940001155d18,APPROVED,Not Applicable,2024-05-07T14:44:55.001000Z,2024-05-07T15:04:55.755000Z,2024-05-08T13:23:22.681000Z,2024-05-07T15:04:56.329621Z,1201,C1J0M9K6,132,English,37,Female,Mixed,Zimbabwe,United Kingdom,United Kingdom,English,No,Other
663a3e6484d02ec1bb5a5f3a,60d9ce9737af4d27b6640d37,APPROVED,Not Applicable,2024-05-07T14:47:14.855000Z,2024-05-07T15:15:10.476000Z,2024-05-08T13:23:22.886000Z,2024-05-07T15:15:11.353295Z,1676,C1J0M9K6,588,English,33,Male,White,United Kingdom,United Kingdom,United Kingdom,English,DATA_EXPIRED,DATA_EXPIRED
663a3e65b1854cf57431c932,60ca20a5bd71514ecaa909ca,APPROVED,Not Applicable,2024-05-07T14:44:57.799000Z,2024-05-07T15:04:01.883000Z,2024-05-08T13:23:23.079000Z,2024-05-07T15:04:02.527628Z,1145,C1J0M9K6,601,English,22,Male,White,Russian Federation,United Kingdom,United Kingdom,English,DATA_EXPIRED,DATA_EXPIRED
663a3e65e7a3eb4a55785403,6147a9a11e7aea9ce3d90445,APPROVED,Not Applicable,2024-05-07T14:44:59.787000Z,2024-05-07T14:57:37.363000Z,2024-05-08T13:23:23.262000Z,2024-05-07T14:57:59.799300Z,758,C1J0M9K6,522,English,38,Female,White,United Kingdom,United Kingdom,United Kingdom,English,No,DATA_EXPIRED
663a3e6ba4d257b3b5f51dd5,5e7de19084be86013c19c6c9,APPROVED,Not Applicable,2024-05-07T14:45:03.425000Z,2024-05-07T15:04:08.855000Z,2024-05-08T13:23:23.448000Z,2024-05-07T15:04:09.393687Z,1146,C1J0M9K6,1848,English,53,Male,White,United Kingdom,United Kingdom,United Kingdom,English,DATA_EXPIRED,DATA_EXPIRED
663a3e6f594319c2da29a1c5,6006524d0dbd669c1cc00757,APPROVED,Not Applicable,2024-05-07T14:45:08.660000Z,2024-05-07T15:11:05.208000Z,2024-05-08T13:23:23.649000Z,2024-05-07T15:11:05.791811Z,1557,C1J0M9K6,1025,English,60,Female,White,United Kingdom,United Kingdom,United Kingdom,English,No,"Not in paid work (e.g. homemaker', 'retired or disabled)"
663a3e7347031fd4fbefc6a5,5e57e67bb836e0000d222062,APPROVED,Not Applicable,2024-05-07T14:45:17.660000Z,2024-05-07T15:10:56.001000Z,2024-05-08T13:23:23.848000Z,2024-05-07T15:10:56.903323Z,1539,C1J0M9K6,1651,English,58,Female,White,United Kingdom,United Kingdom,United Kingdom,English,Yes,"Not in paid work (e.g. homemaker', 'retired or disabled)"
663a3e8f8c85f72ec3dcbc39,63b6bda4781d2606cfdbae0d,APPROVED,Not Applicable,2024-05-07T14:45:40.723000Z,2024-05-07T15:02:17.125000Z,2024-05-08T13:23:24.052000Z,2024-05-07T15:02:17.737808Z,997,C1J0M9K6,596,English,33,Male,White,United Kingdom,United Kingdom,United Kingdom,English,DATA_EXPIRED,DATA_EXPIRED
663a3e8fa4d257b3b5f51de1,5ec43186df6f2511e2b853cd,APPROVED,Not Applicable,2024-05-07T14:45:39.687000Z,2024-05-07T15:14:33.272000Z,2024-05-08T13:23:24.233000Z,2024-05-07T15:14:34.034470Z,1734,C1J0M9K6,231,English,23,Male,White,United Kingdom,United Kingdom,United Kingdom,English,No,Unemployed (and job seeking)
663a3e90c9e7a1e787927596,641a19d78805c5e3e319826d,APPROVED,Not Applicable,2024-05-07T14:45:47.710000Z,2024-05-07T15:11:58.825000Z,2024-05-08T13:23:24.462000Z,2024-05-07T15:11:59.350887Z,1572,C1J0M9K6,192,English,39,Female,White,United Kingdom,United Kingdom,United Kingdom,English,No,Part-Time
663a3e951f396b296939fe87,59f709c1b47dfc0001b65fc9,APPROVED,Not Applicable,2024-05-07T14:46:32.851000Z,2024-05-07T15:20:02.685000Z,2024-05-08T13:23:24.657000Z,2024-05-07T15:20:26.434235Z,2010,C1J0M9K6,963,English,27,Female,White,United Kingdom,United Kingdom,United Kingdom,English,No,"Not in paid work (e.g. homemaker', 'retired or disabled)"
663a3e98cf42adc83b799723,5ef1e8c06343e207f5e2ca5d,APPROVED,Not Applicable,2024-05-07T14:45:51.996000Z,2024-05-07T15:04:42.763000Z,2024-05-08T13:23:24.836000Z,2024-05-07T15:04:43.554645Z,1131,C1J0M9K6,435,English,32,Female,Mixed,United Kingdom,United Kingdom,United Kingdom,English,Yes,Full-Time
663a3e9a4265d1cad26f5b18,5e849721be17070424a95ee4,APPROVED,Not Applicable,2024-05-07T14:45:54.918000Z,2024-05-07T15:20:51.016000Z,2024-05-08T13:23:25.031000Z,2024-05-07T15:21:21.154509Z,2097,C1J0M9K6,365,English,22,Female,Asian,Sri Lanka,United Kingdom,United Kingdom,English,No,Part-Time
663a3e9b6512106399a29ee2,5f919274b5383b00096b0295,RETURNED,Not Applicable,2024-05-07T14:45:54.160000Z,,,2024-05-28T21:33:19.500130Z,,,1802,CONSENT_REVOKED,CONSENT_REVOKED,CONSENT_REVOKED,CONSENT_REVOKED,CONSENT_REVOKED,CONSENT_REVOKED,CONSENT_REVOKED,CONSENT_REVOKED,CONSENT_REVOKED,CONSENT_REVOKED
663a3e9f5fc2e3380e041bf7,58e1916827e7d900011035e0,APPROVED,Not Applicable,2024-05-07T14:45:57.425000Z,2024-05-07T15:38:20.307000Z,2024-05-08T13:23:25.213000Z,2024-05-07T15:38:21.274735Z,3143,C1J0M9K6,1486,English,42,Female,White,United Kingdom,United Kingdom,United Kingdom,English,DATA_EXPIRED,Full-Time
663a3ea04fa2ce6135a597a6,638df25c28a73c52e405ef95,APPROVED,Not Applicable,2024-05-07T14:47:38.587000Z,2024-05-07T15:17:16.143000Z,2024-05-08T13:23:25.421000Z,2024-05-07T15:17:32.079677Z,1778,C1J0M9K6,1219,English,59,Female,White,United Kingdom,United Kingdom,United Kingdom,English,No,"Not in paid work (e.g. homemaker', 'retired or disabled)"
663a3ea12d5e558d0b3666b5,5ea979685178b007c99e620e,RETURNED,Not Applicable,2024-05-07T14:45:53.136000Z,,,2024-05-28T20:33:14.621871Z,,,1508,CONSENT_REVOKED,CONSENT_REVOKED,CONSENT_REVOKED,CONSENT_REVOKED,CONSENT_REVOKED,CONSENT_REVOKED,CONSENT_REVOKED,CONSENT_REVOKED,CONSENT_REVOKED,CONSENT_REVOKED
663a3ea284b5a24e3ce5d1d1,5b224205a0527a00019d40ea,RETURNED,Not Applicable,2024-05-07T14:47:12.381000Z,,,2024-05-28T20:33:14.627846Z,,,1564,CONSENT_REVOKED,CONSENT_REVOKED,CONSENT_REVOKED,CONSENT_REVOKED,CONSENT_REVOKED,CONSENT_REVOKED,CONSENT_REVOKED,CONSENT_REVOKED,CONSENT_REVOKED,CONSENT_REVOKED
663a3ea65a7215037d78ddc1,5d6c088d47c053001a1a3bf3,APPROVED,Not Applicable,2024-05-07T14:46:01.357000Z,2024-05-07T15:23:44.490000Z,2024-05-08T13:23:25.616000Z,2024-05-07T15:23:45.728961Z,2264,C1J0M9K6,370,English,43,Male,White,United Kingdom,United Kingdom,United Kingdom,English,No,Full-Time
663a3ead4e1d7dda1c7f6bbb,62970fc4365cd8d1efd2bb79,RETURNED,Not Applicable,2024-05-07T14:46:17.578000Z,,,2024-05-28T21:33:19.651769Z,,,456,CONSENT_REVOKED,CONSENT_REVOKED,CONSENT_REVOKED,CONSENT_REVOKED,CONSENT_REVOKED,CONSENT_REVOKED,CONSENT_REVOKED,CONSENT_REVOKED,CONSENT_REVOKED,CONSENT_REVOKED
663a3eb72c63f71c198c4cb2,5ecd4b104b4dc408fcf4eb16,APPROVED,Not Applicable,2024-05-07T14:46:20.279000Z,2024-05-07T14:59:17.774000Z,2024-05-08T13:23:25.800000Z,2024-05-07T14:59:18.353279Z,778,C1J0M9K6,1208,English,38,Male,White,United Kingdom,United Kingdom,United Kingdom,English,No,Full-Time
663a3ebcb9d113912fa4297e,631b1437200a529b7f31919d,APPROVED,Not Applicable,2024-05-07T14:46:26.309000Z,2024-05-07T15:08:45.799000Z,2024-05-08T13:23:25.980000Z,2024-05-07T15:09:13.533613Z,1340,C1J0M9K6,386,English,29,Female,White,United Kingdom,United Kingdom,United Kingdom,English,No,Full-Time
663a3ebd8875f5a91d248f44,5f05b6a83c0c4206b334458a,APPROVED,Not Applicable,2024-05-07T14:47:11.664000Z,2024-05-07T15:08:12.271000Z,2024-05-08T13:23:26.175000Z,2024-05-07T15:08:28.607718Z,1261,C1J0M9K6,1011,English,40,Male,White,United Kingdom,United Kingdom,United Kingdom,English,DATA_EXPIRED,DATA_EXPIRED
663a3ec065a26419eacbc353,5d70e0d4b5e62a0018d24309,APPROVED,Not Applicable,2024-05-07T14:48:12.789000Z,2024-05-07T15:02:16.437000Z,2024-05-08T13:23:26.380000Z,2024-05-07T15:02:16.891280Z,844,C1J0M9K6,1100,English,42,Female,White,United Kingdom,United Kingdom,United Kingdom,English,No,Full-Time
663a3ec0e090aacd81919efd,615714bae6480413c20d5799,RETURNED,Not Applicable,2024-05-07T14:46:32.917000Z,,,2024-05-28T20:33:14.642231Z,,,497,CONSENT_REVOKED,CONSENT_REVOKED,CONSENT_REVOKED,CONSENT_REVOKED,CONSENT_REVOKED,CONSENT_REVOKED,CONSENT_REVOKED,CONSENT_REVOKED,CONSENT_REVOKED,CONSENT_REVOKED
663a3ec1ffab520210069f65,64837ba51422d817b62cc5cc,RETURNED,Not Applicable,2024-05-07T14:46:34.995000Z,,,2024-05-28T21:33:19.640404Z,,,667,CONSENT_REVOKED,CONSENT_REVOKED,CONSENT_REVOKED,CONSENT_REVOKED,CONSENT_REVOKED,CONSENT_REVOKED,CONSENT_REVOKED,CONSENT_REVOKED,CONSENT_REVOKED,CONSENT_REVOKED
663a3ec3418cb5210d1938e5,63e52debbbb982734deba89a,RETURNED,Not Applicable,2024-05-07T14:46:34.190000Z,,,2024-05-28T21:33:19.669392Z,,,825,CONSENT_REVOKED,CONSENT_REVOKED,CONSENT_REVOKED,CONSENT_REVOKED,CONSENT_REVOKED,CONSENT_REVOKED,CONSENT_REVOKED,CONSENT_REVOKED,CONSENT_REVOKED,CONSENT_REVOKED
663a3ecd1f396b296939fe8c,60d33d90bfc3eb89147053d1,APPROVED,Not Applicable,2024-05-07T14:46:53.317000Z,2024-05-07T15:45:33.619000Z,2024-05-08T13:23:26.565000Z,2024-05-07T15:45:34.335974Z,3521,C1J0M9K6,1197,English,27,Female,White,United Kingdom,United Kingdom,United Kingdom,English,No,Full-Time
663a3ecf6fac959fc98629c8,5ec7d7d167b0da25d155e470,RETURNED,Not Applicable,2024-05-07T14:46:45.418000Z,,,2024-05-28T20:33:14.649128Z,,,1743,CONSENT_REVOKED,CONSENT_REVOKED,CONSENT_REVOKED,CONSENT_REVOKED,CONSENT_REVOKED,CONSENT_REVOKED,CONSENT_REVOKED,CONSENT_REVOKED,CONSENT_REVOKED,CONSENT_REVOKED
663a3edabba902e684919ec6,60e087913950122d6f03acbb,RETURNED,Not Applicable,2024-05-07T14:46:55.871000Z,,,2024-05-28T21:33:19.710454Z,,,248,CONSENT_REVOKED,CONSENT_REVOKED,CONSENT_REVOKED,CONSENT_REVOKED,CONSENT_REVOKED,CONSENT_REVOKED,CONSENT_REVOKED,CONSENT_REVOKED,CONSENT_REVOKED,CONSENT_REVOKED
663a3edb70c07e036503bb2d,5f58a4009e4e760112ac30d7,RETURNED,Not Applicable,2024-05-07T14:46:59.374000Z,,,2024-05-28T20:33:14.655919Z,,,598,CONSENT_REVOKED,CONSENT_REVOKED,CONSENT_REVOKED,CONSENT_REVOKED,CONSENT_REVOKED,CONSENT_REVOKED,CONSENT_REVOKED,CONSENT_REVOKED,CONSENT_REVOKED,CONSENT_REVOKED
663a3ee1294293fdf8d82368,62fb815742ef6b0275cfa14a,APPROVED,Not Applicable,2024-05-07T14:47:02.309000Z,2024-05-07T15:03:28.321000Z,2024-05-08T13:23:26.778000Z,2024-05-07T15:03:28.861648Z,987,C1J0M9K6,1186,English,48,Male,White,United Kingdom,United Kingdom,United Kingdom,English,No,Full-Time
663a3ee4b1854cf57431c950,5b95a66ba2980c0001c481a6,APPROVED,Not Applicable,2024-05-07T14:47:00.061000Z,2024-05-07T15:18:42.624000Z,2024-05-08T13:23:27.089000Z,2024-05-07T15:19:02.975944Z,1903,C1J0M9K6,981,English,26,Male,White,Ireland,United Kingdom,Ireland,English,No,Full-Time
663a3eef4fa2ce6135a597b5,56de005e6893b5000ce95d71,APPROVED,Not Applicable,2024-05-07T14:47:18.537000Z,2024-05-07T15:05:16.398000Z,2024-05-08T13:23:27.265000Z,2024-05-07T15:05:16.935635Z,1078,C1J0M9K6,3335,English,48,Female,White,United Kingdom,United Kingdom,United Kingdom,English,DATA_EXPIRED,DATA_EXPIRED
663a3ef04f230be49a08298a,63ed0d53d29b93c07b61bbca,APPROVED,Not Applicable,2024-05-07T14:47:17.481000Z,2024-05-07T15:20:46.144000Z,2024-05-08T13:23:27.452000Z,2024-05-07T15:21:15.813896Z,2009,C1J0M9K6,445,English,45,Male,White,United Kingdom,United Kingdom,United Kingdom,English,DATA_EXPIRED,Full-Time
663a3ef2f46f381c04b7162d,613b77da863afce13714e4c4,RETURNED,Not Applicable,2024-05-07T14:47:58.511000Z,,,2024-05-28T20:33:14.648106Z,,,903,CONSENT_REVOKED,CONSENT_REVOKED,CONSENT_REVOKED,CONSENT_REVOKED,CONSENT_REVOKED,CONSENT_REVOKED,CONSENT_REVOKED,CONSENT_REVOKED,CONSENT_REVOKED,CONSENT_REVOKED
663a3ef8f203aad9c4e51d21,657091452bc2968d111b9a15,APPROVED,Not Applicable,2024-05-07T14:47:25.844000Z,2024-05-07T15:30:05.830000Z,2024-05-08T13:23:27.644000Z,2024-05-07T15:30:24.070141Z,2560,C1J0M9K6,180,English,60,Female,White,United Kingdom,United Kingdom,United Kingdom,English,No,"Not in paid work (e.g. homemaker', 'retired or disabled)"
663a3efad90d1a1f2b39fee1,631745a70c7c585248df1a5d,APPROVED,Not Applicable,2024-05-07T14:47:26.971000Z,2024-05-07T15:10:10.197000Z,2024-05-08T13:23:27.837000Z,2024-05-07T15:10:25.118103Z,1364,C1J0M9K6,868,English,31,Male,White,United Kingdom,United Kingdom,United Kingdom,English,DATA_EXPIRED,DATA_EXPIRED
663a3efcbba902e684919ed1,5cafc17ace1fa80017a20d6b,RETURNED,Not Applicable,2024-05-07T14:47:32.544000Z,,,2024-05-28T20:33:14.660914Z,,,1839,CONSENT_REVOKED,CONSENT_REVOKED,CONSENT_REVOKED,CONSENT_REVOKED,CONSENT_REVOKED,CONSENT_REVOKED,CONSENT_REVOKED,CONSENT_REVOKED,CONSENT_REVOKED,CONSENT_REVOKED
663a3f061074f9d5531b0559,629382914e43b1736f2b1233,RETURNED,Not Applicable,2024-05-07T14:48:27.664000Z,,,2024-05-28T20:33:14.696349Z,,,1058,CONSENT_REVOKED,CONSENT_REVOKED,CONSENT_REVOKED,CONSENT_REVOKED,CONSENT_REVOKED,CONSENT_REVOKED,CONSENT_REVOKED,CONSENT_REVOKED,CONSENT_REVOKED,CONSENT_REVOKED
663a3f07294293fdf8d82382,5e54082eb6e7cd414d4eae0e,APPROVED,Not Applicable,2024-05-07T14:47:41.157000Z,2024-05-07T15:08:33.124000Z,2024-05-08T13:23:28.027000Z,2024-05-07T15:09:09.587598Z,1252,C1J0M9K6,867,English,57,Male,White,United Kingdom,United Kingdom,United Kingdom,English,No,"Not in paid work (e.g. homemaker', 'retired or disabled)"
663a3f11fecf524b539096d7,5bd0d2c1263e0a00016d3c7c,APPROVED,Not Applicable,2024-05-07T14:52:11.323000Z,2024-05-07T15:14:21.637000Z,2024-05-08T13:23:28.209000Z,2024-05-07T15:14:23.221297Z,1331,C1J0M9K6,239,English,44,Male,White,United Kingdom,United Kingdom,United Kingdom,English,Yes,DATA_EXPIRED
663a3f1281debdac18bb7d07,62f0f033178f89dd6f416590,RETURNED,Not Applicable,2024-05-07T14:47:55.979000Z,,,2024-05-28T20:33:14.668356Z,,,1150,CONSENT_REVOKED,CONSENT_REVOKED,CONSENT_REVOKED,CONSENT_REVOKED,CONSENT_REVOKED,CONSENT_REVOKED,CONSENT_REVOKED,CONSENT_REVOKED,CONSENT_REVOKED,CONSENT_REVOKED
663a3f1b7687c86d9dfc03c1,5e53e8d0a0002e3ee42be086,RETURNED,Not Applicable,2024-05-07T14:47:58.351000Z,,,2024-05-28T20:33:14.664947Z,,,1555,CONSENT_REVOKED,CONSENT_REVOKED,CONSENT_REVOKED,CONSENT_REVOKED,CONSENT_REVOKED,CONSENT_REVOKED,CONSENT_REVOKED,CONSENT_REVOKED,CONSENT_REVOKED,CONSENT_REVOKED
663a3f21daa5ecdca747c20f,5dbf1e36c97a8c3c0b008785,APPROVED,Not Applicable,2024-05-07T14:48:12.468000Z,2024-05-07T15:09:24.488000Z,2024-05-08T13:23:28.386000Z,2024-05-07T15:09:25.109785Z,1273,C1J0M9K6,502,English,57,Female,Other,United Kingdom,United Kingdom,United Kingdom,English,DATA_EXPIRED,DATA_EXPIRED
663a3f2c78bec84074e84c8d,5c1a862dc4004e0001f8020f,APPROVED,Not Applicable,2024-05-07T14:48:17.699000Z,2024-05-07T15:13:43.264000Z,2024-05-08T13:23:28.565000Z,2024-05-07T15:13:44.231380Z,1526,C1J0M9K6,1941,English,62,Female,White,United Kingdom,United Kingdom,United Kingdom,English,No,Part-Time
663a3f322becd1fd3af035e6,5fcd826f516103c8f395aa87,APPROVED,Not Applicable,2024-05-07T14:48:21.030000Z,2024-05-07T15:18:19.813000Z,2024-05-08T13:23:28.765000Z,2024-05-07T15:18:38.825358Z,1799,C1J0M9K6,716,English,22,Female,White,United Kingdom,United Kingdom,United Kingdom,English,No,Unemployed (and job seeking)
663a3f35594319c2da29a1fb,5c87e674c558df0014565c72,APPROVED,Not Applicable,2024-05-07T14:48:25.727000Z,2024-05-07T15:12:13.137000Z,2024-05-08T13:23:29.137000Z,2024-05-07T15:12:14.035647Z,1428,C1J0M9K6,945,English,47,Male,White,United Kingdom,United Kingdom,United Kingdom,English,No,Full-Time
663a3f3b0a593ce2dfa544e6,614ae8dbcd4d31f05be56645,APPROVED,Not Applicable,2024-05-07T14:48:31.986000Z,2024-05-07T15:04:08.105000Z,2024-05-08T13:23:29.336000Z,2024-05-07T15:04:08.588608Z,937,C1J0M9K6,971,English,39,Female,White,United Kingdom,United Kingdom,United Kingdom,English,No,Part-Time
663a3f3d13cc10dac254b955,6078421a82b88488a16a2b1f,RETURNED,Not Applicable,2024-05-07T14:48:34.720000Z,,,2024-05-28T20:33:14.677076Z,,,981,CONSENT_REVOKED,CONSENT_REVOKED,CONSENT_REVOKED,CONSENT_REVOKED,CONSENT_REVOKED,CONSENT_REVOKED,CONSENT_REVOKED,CONSENT_REVOKED,CONSENT_REVOKED,CONSENT_REVOKED
663a3f3ea371b32542a0e1f0,65a6a462a2f1c01d86077b8c,RETURNED,Not Applicable,2024-05-07T14:48:33.382000Z,,,2024-05-28T20:33:14.741288Z,,,187,CONSENT_REVOKED,CONSENT_REVOKED,CONSENT_REVOKED,CONSENT_REVOKED,CONSENT_REVOKED,CONSENT_REVOKED,CONSENT_REVOKED,CONSENT_REVOKED,CONSENT_REVOKED,CONSENT_REVOKED
663a3f3f19bebbdd20041cac,63d4206b4544286074b28314,RETURNED,Not Applicable,2024-05-07T14:48:36.657000Z,,,2024-05-28T20:33:14.680463Z,,,427,CONSENT_REVOKED,CONSENT_REVOKED,CONSENT_REVOKED,CONSENT_REVOKED,CONSENT_REVOKED,CONSENT_REVOKED,CONSENT_REVOKED,CONSENT_REVOKED,CONSENT_REVOKED,CONSENT_REVOKED
663a3f3f5ac8e0d080721c5a,60d65a2e6e744e4596cba461,RETURNED,Not Applicable,2024-05-07T14:57:48.342000Z,,,2024-05-28T20:33:14.685023Z,,,922,CONSENT_REVOKED,CONSENT_REVOKED,CONSENT_REVOKED,CONSENT_REVOKED,CONSENT_REVOKED,CONSENT_REVOKED,CONSENT_REVOKED,CONSENT_REVOKED,CONSENT_REVOKED,CONSENT_REVOKED
663a3f468c85f72ec3dcbc71,63d416bc58ca5094af85cf8a,APPROVED,Not Applicable,2024-05-07T14:49:39.046000Z,2024-05-07T15:24:03.646000Z,2024-05-08T13:23:29.535000Z,2024-05-07T15:24:04.154334Z,2065,C1J0M9K6,955,English,26,Female,White,United Kingdom,United Kingdom,United Kingdom,English,No,Full-Time
663a3f520ab485f7bdefc6e9,5ca48653ed23650001328d9d,RETURNED,Not Applicable,2024-05-07T14:48:52.979000Z,,,2024-05-28T20:33:14.705669Z,,,2129,CONSENT_REVOKED,CONSENT_REVOKED,CONSENT_REVOKED,CONSENT_REVOKED,CONSENT_REVOKED,CONSENT_REVOKED,CONSENT_REVOKED,CONSENT_REVOKED,CONSENT_REVOKED,CONSENT_REVOKED
663a3f53edf4fdcf6c42a540,57011c4c96718600107869cc,APPROVED,Not Applicable,2024-05-07T14:48:55.051000Z,2024-05-07T15:05:34.884000Z,2024-05-08T13:23:29.715000Z,2024-05-07T15:05:35.513992Z,1000,C1J0M9K6,132,English,35,Female,White,United Kingdom,United Kingdom,United Kingdom,English,No,Full-Time
663a3f5586fdbc04595b9ece,5d445f038dd58b001afdeb32,APPROVED,Not Applicable,2024-05-07T14:48:53.925000Z,2024-05-07T15:03:28.341000Z,2024-05-08T13:23:29.908000Z,2024-05-07T15:03:28.873484Z,875,C1J0M9K6,2289,English,50,Male,White,United Kingdom,United Kingdom,United Kingdom,English,No,Part-Time
663a3f56d70097c68f4687c8,5bc35154e7382100017cb9ef,APPROVED,Not Applicable,2024-05-07T14:49:02.394000Z,2024-05-07T15:16:46.873000Z,2024-05-08T13:23:30.117000Z,2024-05-07T15:16:59.775549Z,1665,C1J0M9K6,1897,English,75,Female,White,United Kingdom,United Kingdom,United Kingdom,English,No,"Not in paid work (e.g. homemaker', 'retired or disabled)"
663a3f56fecf524b539096eb,622a35c96d9060c175184c93,APPROVED,Not Applicable,2024-05-07T14:49:06.734000Z,2024-05-07T15:09:56.962000Z,2024-05-08T13:23:30.334000Z,2024-05-07T15:10:21.166760Z,1251,C1J0M9K6,1443,English,62,Female,White,United Kingdom,United Kingdom,United Kingdom,English,No,"Not in paid work (e.g. homemaker', 'retired or disabled)"
663a3f5fe59ccd1acf4bbd50,596f2a1f50e2f000016fd93b,APPROVED,Not Applicable,2024-05-07T14:49:08.851000Z,2024-05-07T15:11:49.510000Z,2024-05-08T13:23:30.518000Z,2024-05-07T15:11:50.895685Z,1361,C1J0M9K6,435,English,38,Female,White,United Kingdom,United Kingdom,United Kingdom,English,No,Full-Time
663a3f6081debdac18bb7d25,5ed8fdf3ae79a9420af84694,APPROVED,Not Applicable,2024-05-07T14:49:35.281000Z,2024-05-07T15:02:16.252000Z,2024-05-08T13:23:30.699000Z,2024-05-07T15:02:16.774864Z,761,C1J0M9K6,440,English,26,Female,Asian,India,United Kingdom,India,English,DATA_EXPIRED,DATA_EXPIRED
663a3f62dc8eba95f6f30977,65ba6a143395d20859b4de80,APPROVED,Not Applicable,2024-05-07T14:49:37.081000Z,2024-05-07T15:20:27.879000Z,2024-05-08T13:23:30.892000Z,2024-05-07T15:20:53.627742Z,1851,C1J0M9K6,201,"English, Farsi",63,Female,White,United Kingdom,United Kingdom,United Kingdom,English,No,"Not in paid work (e.g. homemaker', 'retired or disabled)"
663a3f64178fa0e16178537a,65b2712b45177bbdbad3c439,APPROVED,Not Applicable,2024-05-07T14:49:11.845000Z,2024-05-07T15:06:51.887000Z,2024-05-08T13:23:31.096000Z,2024-05-07T15:06:52.477568Z,1061,C1J0M9K6,102,English,20,Female,Asian,Malaysia,United Kingdom,Malaysia,Chinese,Yes,Part-Time
663a3f665ad665584533f8d6,63468b4dc2726a47dac86511,RETURNED,Not Applicable,2024-05-07T15:00:00.092000Z,,,2024-05-28T20:33:14.723255Z,,,784,CONSENT_REVOKED,CONSENT_REVOKED,CONSENT_REVOKED,CONSENT_REVOKED,CONSENT_REVOKED,CONSENT_REVOKED,CONSENT_REVOKED,CONSENT_REVOKED,CONSENT_REVOKED,CONSENT_REVOKED
663a3f684a9f782e615da5ee,5da2f9f17809b60014fc839a,APPROVED,Not Applicable,2024-05-07T14:49:12.585000Z,2024-05-07T15:10:38.365000Z,2024-05-08T13:23:31.284000Z,2024-05-07T15:10:39.049644Z,1286,C1J0M9K6,1764,English,60,Female,White,"Venezuela, Bolivarian Republic of",United Kingdom,United Kingdom,English,No,Other
663a3f6e8c85f72ec3dcbc7e,5f8b4560fc6686262722efdb,APPROVED,Not Applicable,2024-05-07T14:49:23.357000Z,2024-05-07T15:04:37.871000Z,2024-05-08T13:23:31.468000Z,2024-05-07T15:04:38.483242Z,915,C1J0M9K6,1625,English,43,Female,White,United Kingdom,United Kingdom,United Kingdom,English,DATA_EXPIRED,DATA_EXPIRED
663a3f726a3ffaa44e8d92b1,5e1ccec8551fa0000cdc1f0b,APPROVED,Not Applicable,2024-05-07T14:49:27.001000Z,2024-05-07T15:06:47.699000Z,2024-05-08T13:23:31.659000Z,2024-05-07T15:06:48.702989Z,1041,C1J0M9K6,841,English,40,Male,White,United Kingdom,United Kingdom,United Kingdom,English,Yes,"Not in paid work (e.g. homemaker', 'retired or disabled)"
663a3f73864d9234282e3cac,615715bd0896b2b00d1f38de,APPROVED,Not Applicable,2024-05-07T14:49:27.884000Z,2024-05-07T15:12:07.194000Z,2024-05-08T13:23:31.883000Z,2024-05-07T15:12:07.754574Z,1360,C1J0M9K6,652,English,55,Male,White,United Kingdom,United Kingdom,United Kingdom,English,No,Full-Time
663a3f7765a26419eacbc397,61628dae8e83240b0aaeffd8,APPROVED,Not Applicable,2024-05-07T14:57:08.950000Z,2024-05-07T15:29:14.374000Z,2024-05-08T13:23:32.188000Z,2024-05-07T15:30:17.766807Z,1926,C1J0M9K6,117,English,31,Female,White,United Kingdom,United Kingdom,United Kingdom,English,No,Full-Time
663a3f79397483fa3d90977c,5bf1de1556a321000106fae0,APPROVED,Not Applicable,2024-05-07T14:49:31.531000Z,2024-05-07T15:39:17.786000Z,2024-05-08T13:23:32.367000Z,2024-05-07T15:39:18.513142Z,2987,C1J0M9K6,2048,English,53,Male,White,United Kingdom,United Kingdom,United Kingdom,English,No,Full-Time
663a3f80fecf524b539096f5,5bfa91cf26e31d00010462ed,APPROVED,Not Applicable,2024-05-07T14:50:19.604000Z,2024-05-07T15:44:27.605000Z,2024-05-08T13:23:32.536000Z,2024-05-07T15:44:42.812772Z,3249,C1J0M9K6,1909,English,64,Male,White,United Kingdom,United Kingdom,United Kingdom,English,No,Part-Time
663a3f821074f9d5531b0581,63dd310d9aa8580e1dde1a58,RETURNED,Not Applicable,2024-05-07T14:49:43.961000Z,,,2024-05-28T20:33:14.714191Z,,,424,CONSENT_REVOKED,CONSENT_REVOKED,CONSENT_REVOKED,CONSENT_REVOKED,CONSENT_REVOKED,CONSENT_REVOKED,CONSENT_REVOKED,CONSENT_REVOKED,CONSENT_REVOKED,CONSENT_REVOKED
663a3f9261ff7feb062a276c,5e2c8f69cad44b2bc5ce9a34,APPROVED,Not Applicable,2024-05-07T14:49:57.986000Z,2024-05-07T15:00:30.385000Z,2024-05-08T13:23:32.734000Z,2024-05-07T15:00:30.954093Z,633,C1J0M9K6,1011,English,49,Female,White,United Kingdom,United Kingdom,United Kingdom,English,No,Full-Time
663a3f992336e969b943bb3e,5ba2a1c8c96df90001ce9159,APPROVED,Not Applicable,2024-05-07T14:50:05.373000Z,2024-05-07T15:13:19.204000Z,2024-05-08T13:23:32.988000Z,2024-05-07T15:13:19.875243Z,1394,C1J0M9K6,2114,English,45,Female,White,United Kingdom,United Kingdom,United Kingdom,English,No,Unemployed (and job seeking)
663a3f9be6833d6fb1fc0358,6234b3775193f8e94ee8c626,APPROVED,Not Applicable,2024-05-07T14:50:08.306000Z,2024-05-07T16:08:18.657000Z,2024-05-08T13:23:33.204000Z,2024-05-07T16:08:27.989813Z,4691,C1J0M9K6,1509,English,52,Male,White,Germany,United Kingdom,United Kingdom,English,No,Part-Time
663a3f9dec65501b5ba59818,59fc2094087f2e0001ead5fa,RETURNED,Not Applicable,2024-05-07T14:50:10.678000Z,,,2024-05-28T20:33:14.722104Z,,,777,CONSENT_REVOKED,CONSENT_REVOKED,CONSENT_REVOKED,CONSENT_REVOKED,CONSENT_REVOKED,CONSENT_REVOKED,CONSENT_REVOKED,CONSENT_REVOKED,CONSENT_REVOKED,CONSENT_REVOKED
663a3fa4c9e7a1e7879275e1,5aba456ce1099600016a0f16,APPROVED,Not Applicable,2024-05-07T14:50:16.531000Z,2024-05-07T15:22:54.123000Z,2024-05-08T13:23:33.435000Z,2024-05-07T15:23:13.795837Z,1958,C1J0M9K6,173,English,37,Male,White,United Kingdom,United Kingdom,United Kingdom,English,No,Unemployed (and job seeking)
663a3fa7e59ccd1acf4bbd69,58945874b5496d00018cfe1c,APPROVED,Not Applicable,2024-05-07T14:51:20.975000Z,2024-05-07T15:11:13.786000Z,2024-05-08T13:23:33.627000Z,2024-05-07T15:11:14.494396Z,1193,C1J0M9K6,2166,English,47,Female,White,United Kingdom,United Kingdom,United Kingdom,English,No,DATA_EXPIRED
663a3fa9e6833d6fb1fc035c,611c77297d20cccefc24d80a,APPROVED,Not Applicable,2024-05-07T14:50:21.747000Z,2024-05-07T15:18:52.262000Z,2024-05-08T13:23:33.806000Z,2024-05-07T15:19:11.129451Z,1711,C1J0M9K6,948,English,37,Male,White,United Kingdom,United Kingdom,United Kingdom,English,No,DATA_EXPIRED
663a3faa22b3818b17cae3ae,61037333eaacd23a3460ffc2,RETURNED,Not Applicable,2024-05-07T14:57:42.101000Z,,,2024-05-28T20:33:14.783106Z,,,1676,CONSENT_REVOKED,CONSENT_REVOKED,CONSENT_REVOKED,CONSENT_REVOKED,CONSENT_REVOKED,CONSENT_REVOKED,CONSENT_REVOKED,CONSENT_REVOKED,CONSENT_REVOKED,CONSENT_REVOKED
663a3faa9ab6e9daadbf7abe,5b17642244127b00013f7f65,APPROVED,Not Applicable,2024-05-07T14:50:28.999000Z,2024-05-07T15:21:51.361000Z,2024-05-08T13:23:34.001000Z,2024-05-07T15:22:24.669109Z,1883,C1J0M9K6,2210,English,38,Female,Black,United Kingdom,United Kingdom,United Kingdom,English,No,Unemployed (and job seeking)
663a3fb107034f55e254b91b,5f5668cf2db7050961fce434,APPROVED,Not Applicable,2024-05-07T14:50:36.455000Z,2024-05-07T15:32:16.004000Z,2024-05-08T13:23:34.179000Z,2024-05-07T15:32:16.576913Z,2500,C1J0M9K6,540,English,38,Female,White,United Kingdom,United Kingdom,United Kingdom,English,DATA_EXPIRED,DATA_EXPIRED
663a3fb2b18aa5c8bd58fd51,59e7eb5d62637600014a7db2,RETURNED,Not Applicable,2024-05-07T14:50:42.824000Z,,,2024-05-28T20:33:14.747154Z,,,1246,CONSENT_REVOKED,CONSENT_REVOKED,CONSENT_REVOKED,CONSENT_REVOKED,CONSENT_REVOKED,CONSENT_REVOKED,CONSENT_REVOKED,CONSENT_REVOKED,CONSENT_REVOKED,CONSENT_REVOKED
663a3fbc1155bda84ca5683e,5efcb50255a06b097b8d5d29,RETURNED,Not Applicable,2024-05-07T15:00:36.042000Z,,,2024-05-28T20:33:14.743859Z,,,1520,CONSENT_REVOKED,CONSENT_REVOKED,CONSENT_REVOKED,CONSENT_REVOKED,CONSENT_REVOKED,CONSENT_REVOKED,CONSENT_REVOKED,CONSENT_REVOKED,CONSENT_REVOKED,CONSENT_REVOKED
663a3fbd78bec84074e84cae,5ea07fc202b8bd05bb59bc38,APPROVED,Not Applicable,2024-05-07T14:52:21.312000Z,2024-05-07T15:10:34.899000Z,2024-05-08T13:23:34.368000Z,2024-05-07T15:10:35.761376Z,1094,C1J0M9K6,2086,English,75,Female,White,United Kingdom,United Kingdom,United Kingdom,English,No,Other
663a3fc1b1854cf57431c994,5c7e33aa19b8d40017e6dd80,APPROVED,Not Applicable,2024-05-07T14:51:03.745000Z,2024-05-07T15:19:48.227000Z,2024-05-08T13:23:34.539000Z,2024-05-07T15:20:10.762926Z,1725,C1J0M9K6,2202,English,61,Male,White,United Kingdom,United Kingdom,United Kingdom,English,No,"Not in paid work (e.g. homemaker', 'retired or disabled)"
663a3fca0aa3b1256c721b49,5af5a6464cca7000010c5c6a,APPROVED,Not Applicable,2024-05-07T14:53:39.862000Z,2024-05-07T15:23:43.625000Z,2024-05-08T13:23:34.749000Z,2024-05-07T15:23:44.088686Z,1804,C1J0M9K6,866,English,51,Female,White,United Kingdom,United Kingdom,United Kingdom,English,No,Part-Time
663a3fcb5c55e9ad2a5ea385,63f85b1c3124fd03faff2126,APPROVED,Not Applicable,2024-05-07T14:50:58.153000Z,2024-05-07T15:47:03.933000Z,2024-05-08T13:23:34.955000Z,2024-05-07T15:47:04.542988Z,3366,C1J0M9K6,483,English,31,Female,Black,Nigeria,United Kingdom,Nigeria,English,DATA_EXPIRED,Full-Time
663a3fd2546c4c39adf309c0,5eb811d9d978b174c3a80141,APPROVED,Not Applicable,2024-05-07T14:54:55.073000Z,2024-05-07T15:06:03.222000Z,2024-05-08T13:23:35.151000Z,2024-05-07T15:06:03.783677Z,669,C1J0M9K6,619,English,35,Female,White,United Kingdom,United Kingdom,United Kingdom,English,No,Full-Time
663a3fd28cf59fed0ef03a72,62cea3ebf9bdac6107278cb5,RETURNED,Not Applicable,2024-05-07T14:53:07.582000Z,,,2024-05-28T20:33:14.974359Z,,,1142,CONSENT_REVOKED,CONSENT_REVOKED,CONSENT_REVOKED,CONSENT_REVOKED,CONSENT_REVOKED,CONSENT_REVOKED,CONSENT_REVOKED,CONSENT_REVOKED,CONSENT_REVOKED,CONSENT_REVOKED
663a3fd7edf4fdcf6c42a572,60c9fb4d94d9b12b74cfe1c2,APPROVED,Not Applicable,2024-05-07T14:51:35.997000Z,2024-05-07T15:07:41.919000Z,2024-05-08T13:23:35.340000Z,2024-05-07T15:07:53.691041Z,966,C1J0M9K6,443,English,36,Male,White,United Kingdom,United Kingdom,United Kingdom,English,No,Full-Time
663a3fdb2d5e558d0b36670c,5db1b2202b45640009cfcb36,RETURNED,Not Applicable,2024-05-07T14:51:13.297000Z,,,2024-05-28T20:33:14.786670Z,,,663,CONSENT_REVOKED,CONSENT_REVOKED,CONSENT_REVOKED,CONSENT_REVOKED,CONSENT_REVOKED,CONSENT_REVOKED,CONSENT_REVOKED,CONSENT_REVOKED,CONSENT_REVOKED,CONSENT_REVOKED
663a3fdf951e1387546b3279,64135c8f96a690f5b4c16dba,APPROVED,Not Applicable,2024-05-07T14:51:29.273000Z,2024-05-07T15:15:48.931000Z,2024-05-08T13:23:35.545000Z,2024-05-07T15:15:51.333160Z,1460,C1J0M9K6,471,English,44,Male,White,United Kingdom,United Kingdom,United Kingdom,English,No,Full-Time
663a3fe18a8d4633b947435f,58545249cceb5b0001e4875a,APPROVED,Not Applicable,2024-05-07T14:52:22.121000Z,2024-05-07T15:21:19.606000Z,2024-05-08T13:23:35.735000Z,2024-05-07T15:21:54.730742Z,1738,C1J0M9K6,883,English,31,Female,White,United Kingdom,United Kingdom,United Kingdom,English,DATA_EXPIRED,DATA_EXPIRED
663a3fe3d70097c68f4687e5,57b715b842195e000159f82b,APPROVED,Not Applicable,2024-05-07T14:51:18.706000Z,2024-05-07T15:16:04.980000Z,2024-05-08T13:23:35.935000Z,2024-05-07T15:16:11.572729Z,1487,C1J0M9K6,1598,English,40,Female,White,Morocco,United Kingdom,United Kingdom,English,No,Part-Time
663a3fe6c4c0aceb8578d9dd,63e3c4bb98ef1111f6026e28,APPROVED,Not Applicable,2024-05-07T14:51:57.832000Z,2024-05-07T15:03:45.523000Z,2024-05-08T13:23:36.117000Z,2024-05-07T15:03:46.054894Z,708,C1J0M9K6,765,English,42,Male,White,United Kingdom,United Kingdom,United Kingdom,English,No,Full-Time
663a3fed498e20bcdd75da2e,5eb7ace91de6e86e9a6053d2,APPROVED,Not Applicable,2024-05-07T14:52:59.687000Z,2024-05-07T15:15:45.851000Z,2024-05-08T13:23:36.299000Z,2024-05-07T15:15:46.857423Z,1367,C1J0M9K6,946,English,31,Female,Black,Nigeria,United Kingdom,United Kingdom,English,DATA_EXPIRED,DATA_EXPIRED
663a3fed61ff7feb062a2784,63e3be7bb3cd35c983f802dc,APPROVED,Not Applicable,2024-05-07T14:51:48.256000Z,2024-05-07T15:06:14.694000Z,2024-05-08T13:23:36.505000Z,2024-05-07T15:06:15.286780Z,867,C1J0M9K6,265,English,27,Male,White,United Kingdom,United Kingdom,United Kingdom,English,No,Full-Time
663a3fef5a7215037d78de4a,57f18e976c19420001438a1b,APPROVED,Not Applicable,2024-05-07T14:51:37.860000Z,2024-05-07T15:31:22.587000Z,2024-05-08T13:23:36.686000Z,2024-05-07T15:31:23.108963Z,2385,C1J0M9K6,830,English,28,Female,Asian,Netherlands,United Kingdom,United Kingdom,English,No,Full-Time
663a3ff03e0528124dd972aa,6361569d32bb406b8cf7de18,APPROVED,Not Applicable,2024-05-07T14:51:28.219000Z,2024-05-07T15:03:15.352000Z,2024-05-08T13:23:36.872000Z,2024-05-07T15:03:16.149441Z,708,C1J0M9K6,817,English,55,Male,White,United Kingdom,United Kingdom,United Kingdom,English,No,Unemployed (and job seeking)
663a3ff3a371b32542a0e21f,5eaba058fb863f187c27073a,APPROVED,Not Applicable,2024-05-07T14:51:47.492000Z,2024-05-07T15:21:03.672000Z,2024-05-08T13:23:37.059000Z,2024-05-07T15:21:36.625709Z,1757,C1J0M9K6,460,English,22,Male,White,United Kingdom,United Kingdom,United Kingdom,English,No,Full-Time
663a3ff4aa2d39d1b1e51da1,5d2075ccc26f84001566733c,RETURNED,Not Applicable,2024-05-07T14:51:38.569000Z,,,2024-05-28T20:33:14.806293Z,,,2306,CONSENT_REVOKED,CONSENT_REVOKED,CONSENT_REVOKED,CONSENT_REVOKED,CONSENT_REVOKED,CONSENT_REVOKED,CONSENT_REVOKED,CONSENT_REVOKED,CONSENT_REVOKED,CONSENT_REVOKED
663a3ff8fecf524b5390971f,5f2ade075d60d43f300ea19f,APPROVED,Not Applicable,2024-05-07T14:51:40.153000Z,2024-05-07T15:03:52.606000Z,2024-05-08T13:23:37.247000Z,2024-05-07T15:03:53.384150Z,733,C1J0M9K6,233,English,25,Male,White,United Kingdom,United Kingdom,United Kingdom,English,No,Full-Time
663a3ff97687c86d9dfc03ee,5ee9f3837b8d29017d076284,APPROVED,Not Applicable,2024-05-07T14:52:32.087000Z,2024-05-07T15:10:52.819000Z,2024-05-08T13:23:37.437000Z,2024-05-07T15:10:53.333601Z,1101,C1J0M9K6,1949,English,37,Female,White,United Kingdom,United Kingdom,United Kingdom,English,No,Full-Time
663a3ffabba902e684919f0b,5f3be0f027d97397cfc8a000,APPROVED,Not Applicable,2024-05-07T14:51:38.812000Z,2024-05-07T15:40:41.404000Z,2024-05-08T13:23:37.654000Z,2024-05-07T15:43:15.042762Z,2943,C1J0M9K6,941,"English, Norwegian",27,Male,White,Norway,United Kingdom,Norway,Norwegian,No,Full-Time
663a400037196b2d35bf627d,60172619600dc1955ba05f5c,APPROVED,Not Applicable,2024-05-07T14:52:41.135000Z,2024-05-07T15:06:18.290000Z,2024-05-08T13:23:37.861000Z,2024-05-07T15:06:18.990280Z,818,C1J0M9K6,942,English,36,Female,White,United Kingdom,United Kingdom,United Kingdom,English,No,Part-Time
663a40066acf3ae6cf8f42d1,6564b025cd31fa9c2e4fe4dc,APPROVED,Not Applicable,2024-05-07T14:51:57.907000Z,2024-05-07T15:14:32.620000Z,2024-05-08T13:23:38.049000Z,2024-05-07T15:14:33.431151Z,1355,C1J0M9K6,148,English,67,Male,White,United Kingdom,United Kingdom,United Kingdom,English,No,"Not in paid work (e.g. homemaker', 'retired or disabled)"
663a400b1fd41c826cfa6d17,63d7d15d4bf941615f4b902d,APPROVED,Not Applicable,2024-05-07T14:59:43.158000Z,2024-05-07T15:45:53.891000Z,2024-05-08T13:23:38.246000Z,2024-05-07T15:45:54.515040Z,2771,C1J0M9K6,645,English,39,Male,White,United Kingdom,United Kingdom,United Kingdom,English,DATA_EXPIRED,DATA_EXPIRED
663a400df55c4147bc47c27a,6138f7cce9edc5389edd6331,APPROVED,Not Applicable,2024-05-07T14:52:02.399000Z,2024-05-07T15:19:34.575000Z,2024-05-08T13:23:38.450000Z,2024-05-07T15:19:53.529449Z,1653,C1J0M9K6,626,English,29,Male,White,Isle of Man,United Kingdom,United Kingdom,English,DATA_EXPIRED,DATA_EXPIRED
663a4012f55c4147bc47c27c,583730c8b647c40001043cbf,APPROVED,Not Applicable,2024-05-07T14:52:19.040000Z,2024-05-07T15:13:53.955000Z,2024-05-08T13:23:38.635000Z,2024-05-07T15:13:54.600817Z,1295,C1J0M9K6,1844,English,69,Male,White,United Kingdom,United Kingdom,Ireland,English,No,"Not in paid work (e.g. homemaker', 'retired or disabled)"
663a4013a93891a76ded7b9c,62d7e6e7eb53424768b99d3b,APPROVED,Not Applicable,2024-05-07T14:52:03.880000Z,2024-05-07T15:07:35.714000Z,2024-05-08T13:23:38.836000Z,2024-05-07T15:07:45.417581Z,932,C1J0M9K6,1145,English,61,Female,White,United Kingdom,United Kingdom,United Kingdom,English,No,DATA_EXPIRED
663a401490e7a461c6248fea,63d7abc6aa9f10a4fc6a5e10,RETURNED,Not Applicable,2024-05-07T14:52:11.119000Z,,,2024-05-28T20:33:15.024146Z,,,771,CONSENT_REVOKED,CONSENT_REVOKED,CONSENT_REVOKED,CONSENT_REVOKED,CONSENT_REVOKED,CONSENT_REVOKED,CONSENT_REVOKED,CONSENT_REVOKED,CONSENT_REVOKED,CONSENT_REVOKED
663a4017682e340feabb7da8,6531536d2aec593234ef7e4f,RETURNED,Not Applicable,2024-05-07T14:53:25.278000Z,,,2024-05-28T20:33:14.771589Z,,,165,CONSENT_REVOKED,CONSENT_REVOKED,CONSENT_REVOKED,CONSENT_REVOKED,CONSENT_REVOKED,CONSENT_REVOKED,CONSENT_REVOKED,CONSENT_REVOKED,CONSENT_REVOKED,CONSENT_REVOKED
663a401ad90d1a1f2b39ff36,5cee482fbfc92c001ac0e00b,APPROVED,Not Applicable,2024-05-07T14:52:14.395000Z,2024-05-07T15:00:09.114000Z,2024-05-08T13:23:39.459000Z,2024-05-07T15:00:09.958478Z,475,C1J0M9K6,1003,English,57,Female,White,United Kingdom,United Kingdom,United Kingdom,English,No,"Not in paid work (e.g. homemaker', 'retired or disabled)"
663a40247d8b77a88775db10,6554ff77615f63ff7ded6ac3,APPROVED,Not Applicable,2024-05-07T14:52:29.912000Z,2024-05-07T15:15:18.440000Z,2024-05-08T13:23:39.641000Z,2024-05-07T15:15:19.139813Z,1369,C1J0M9K6,204,English,37,Prefer not to say,Other,Turkey,United Kingdom,Turkey,Turkish,Yes,Part-Time
663a4025594319c2da29a22e,60ed8b9aa9275e30071f2e86,APPROVED,Not Applicable,2024-05-07T14:52:24.852000Z,2024-05-07T15:11:32.369000Z,2024-05-08T13:23:39.843000Z,2024-05-07T15:11:32.973320Z,1148,C1J0M9K6,1144,English,53,Male,White,United Kingdom,United Kingdom,United Kingdom,English,No,Other
663a4025f3eff3c0c8053cd9,5f27f6a0e13d4e05d048335f,APPROVED,Not Applicable,2024-05-07T14:52:21.987000Z,2024-05-07T15:04:59.651000Z,2024-05-08T13:23:40.030000Z,2024-05-07T15:05:00.477348Z,758,C1J0M9K6,2160,English,52,Male,White,United Kingdom,United Kingdom,United Kingdom,English,No,Full-Time
663a4028f98861ad1f7bd9dd,64401708880c30ec28b9aef4,APPROVED,Not Applicable,2024-05-07T14:52:24.919000Z,2024-05-07T15:20:17.887000Z,2024-05-08T13:23:40.216000Z,2024-05-07T15:20:42.471784Z,1673,C1J0M9K6,368,English,26,Male,White,United Kingdom,United Kingdom,United Kingdom,English,DATA_EXPIRED,DATA_EXPIRED
663a40292d5e558d0b36671d,5744bbe15e549100063b08cb,RETURNED,Not Applicable,2024-05-07T14:52:30.245000Z,,,2024-05-28T20:33:14.804612Z,,,1529,CONSENT_REVOKED,CONSENT_REVOKED,CONSENT_REVOKED,CONSENT_REVOKED,CONSENT_REVOKED,CONSENT_REVOKED,CONSENT_REVOKED,CONSENT_REVOKED,CONSENT_REVOKED,CONSENT_REVOKED
663a402b2c63f71c198c4cfe,5f0ced9d5a17786fb11b7f47,APPROVED,Not Applicable,2024-05-07T14:56:18.739000Z,2024-05-07T15:22:23.476000Z,2024-05-08T13:23:40.398000Z,2024-05-07T15:22:57.964163Z,1565,C1J0M9K6,1542,English,57,Female,White,United Kingdom,United Kingdom,United Kingdom,English,No,"Not in paid work (e.g. homemaker', 'retired or disabled)"
663a402b63b420f621bed26e,5c0fdebfdfbb180001c32177,APPROVED,Not Applicable,2024-05-07T14:52:39.649000Z,2024-05-07T15:17:04.723000Z,2024-05-08T13:23:40.577000Z,2024-05-07T15:17:19.170708Z,1466,C1J0M9K6,1858,"English, Welsh",51,Female,White,United Kingdom,United Kingdom,United Kingdom,English,No,"Not in paid work (e.g. homemaker', 'retired or disabled)"
663a4034517df5252dcae47d,63e51ccb431bed8154fc6aae,APPROVED,Not Applicable,2024-05-07T14:57:49.273000Z,2024-05-07T15:47:44.460000Z,2024-05-08T13:23:40.774000Z,2024-05-07T15:47:45.198839Z,2996,C1J0M9K6,1072,English,39,Male,White,United Kingdom,United Kingdom,United Kingdom,English,No,Full-Time
663a4034afe3803aca069f6d,62fbe44fdf4ca6bd21d3b164,RETURNED,Not Applicable,2024-05-07T14:52:50.283000Z,,,2024-05-28T20:33:14.800272Z,,,1117,CONSENT_REVOKED,CONSENT_REVOKED,CONSENT_REVOKED,CONSENT_REVOKED,CONSENT_REVOKED,CONSENT_REVOKED,CONSENT_REVOKED,CONSENT_REVOKED,CONSENT_REVOKED,CONSENT_REVOKED
663a4035fef25b3c24cbc3a5,637a107251feecf07028be82,APPROVED,Not Applicable,2024-05-07T14:52:41.876000Z,2024-05-07T15:05:24.878000Z,2024-05-08T13:23:40.972000Z,2024-05-07T15:05:25.737435Z,764,C1J0M9K6,882,English,52,Female,White,United Kingdom,United Kingdom,United Kingdom,English,No,Full-Time
663a4038b1be3a4ae2a97101,5ced0da70afd6e0001a9f211,APPROVED,Not Applicable,2024-05-07T14:52:58.750000Z,2024-05-07T15:12:16.550000Z,2024-05-08T13:23:41.181000Z,2024-05-07T15:12:17.071771Z,1158,C1J0M9K6,1526,English,38,Female,Mixed,United Kingdom,United Kingdom,United Kingdom,English,Yes,Part-Time
663a4039aa2d39d1b1e51dbc,5f2424359c5da10009d035be,RETURNED,Not Applicable,2024-05-07T14:52:48.075000Z,,,2024-05-28T20:33:14.916464Z,,,771,CONSENT_REVOKED,CONSENT_REVOKED,CONSENT_REVOKED,CONSENT_REVOKED,CONSENT_REVOKED,CONSENT_REVOKED,CONSENT_REVOKED,CONSENT_REVOKED,CONSENT_REVOKED,CONSENT_REVOKED
663a403b61ff7feb062a279e,5de4eb36c4ba0907aedd3443,APPROVED,Not Applicable,2024-05-07T14:52:46.236000Z,2024-05-07T15:17:37.916000Z,2024-05-08T13:23:41.379000Z,2024-05-07T15:17:58.235218Z,1492,C1J0M9K6,1505,"Arabic, English",30,Male,White,United Kingdom,United Kingdom,United Kingdom,English,No,DATA_EXPIRED
663a403e8c85f72ec3dcbcc0,59d9cea2e2762800015eb791,APPROVED,Not Applicable,2024-05-07T14:52:52.880000Z,2024-05-07T15:03:14.155000Z,2024-05-08T13:23:41.585000Z,2024-05-07T15:03:14.734557Z,622,C1J0M9K6,1703,English,51,Female,White,United Kingdom,United Kingdom,United Kingdom,English,No,DATA_EXPIRED
663a40457cf80a6a5b2db183,5422d98dfdf99b328c91b21f,RETURNED,Not Applicable,2024-05-07T14:52:58.241000Z,,,2024-05-28T20:33:14.809880Z,,,723,CONSENT_REVOKED,CONSENT_REVOKED,CONSENT_REVOKED,CONSENT_REVOKED,CONSENT_REVOKED,CONSENT_REVOKED,CONSENT_REVOKED,CONSENT_REVOKED,CONSENT_REVOKED,CONSENT_REVOKED
663a404913cc10dac254b99f,5e4d94e8ee0d4509aacdfbc8,APPROVED,Not Applicable,2024-05-07T14:53:03.333000Z,2024-05-07T15:21:20.751000Z,2024-05-08T13:23:41.792000Z,2024-05-07T15:21:55.755548Z,1698,C1J0M9K6,1158,English,22,Female,Mixed,United Kingdom,United Kingdom,United Kingdom,English,Yes,Part-Time
663a40581e35d2e71b1d3fd4,5f160514e2a4062d2a0ded58,APPROVED,Not Applicable,2024-05-07T14:57:45.265000Z,2024-05-07T15:29:42.620000Z,2024-05-08T13:23:41.989000Z,2024-05-07T15:30:21.079711Z,1918,C1J0M9K6,2074,English,27,Male,White,United Kingdom,United Kingdom,United Kingdom,English,DATA_EXPIRED,DATA_EXPIRED
663a4072517df5252dcae495,5b7535d184850400011a07b8,RETURNED,Not Applicable,2024-05-07T14:53:41.828000Z,,,2024-05-28T20:33:14.867212Z,,,2738,CONSENT_REVOKED,CONSENT_REVOKED,CONSENT_REVOKED,CONSENT_REVOKED,CONSENT_REVOKED,CONSENT_REVOKED,CONSENT_REVOKED,CONSENT_REVOKED,CONSENT_REVOKED,CONSENT_REVOKED
663a4091517df5252dcae4a1,612e309706778a2e8d27df01,APPROVED,Not Applicable,2024-05-07T14:54:22.392000Z,2024-05-07T15:14:52.234000Z,2024-05-08T13:23:42.201000Z,2024-05-07T15:14:52.926795Z,1230,C1J0M9K6,1705,English,36,Female,White,United Kingdom,United Kingdom,United Kingdom,English,No,Full-Time
663a4093e7a3eb4a557854c0,60bb4bb882df9ceb094a8a7d,APPROVED,Not Applicable,2024-05-07T14:54:17.373000Z,2024-05-07T15:34:06.490000Z,2024-05-08T13:23:42.425000Z,2024-05-07T15:34:07.012549Z,2390,C1J0M9K6,336,"English, Italian",41,Female,White,Italy,United Kingdom,Italy,Italian,No,Full-Time
663a40a0e7e2fd18737bda7c,652407a8c2b97cf1ff074453,APPROVED,Not Applicable,2024-05-07T14:54:29.402000Z,2024-05-07T15:09:32.222000Z,2024-05-08T13:23:42.616000Z,2024-05-07T15:09:32.811035Z,903,C1J0M9K6,310,English,49,Female,White,United Kingdom,United Kingdom,United Kingdom,English,No,Full-Time
663a40be12a6d3a412fa6d15,5e132349b199e49599de669e,APPROVED,Not Applicable,2024-05-07T14:55:04.867000Z,2024-05-07T15:19:53.872000Z,2024-05-08T13:23:42.850000Z,2024-05-07T15:20:16.061135Z,1490,C1J0M9K6,1808,English,52,Female,White,United Kingdom,United Kingdom,United Kingdom,English,No,"Not in paid work (e.g. homemaker', 'retired or disabled)"
663a40d34af1adf42c5da6a8,5997043dbbe84800017964a7,APPROVED,Not Applicable,2024-05-07T14:55:20.907000Z,2024-05-07T15:06:21.310000Z,2024-05-08T13:23:43.094000Z,2024-05-07T15:06:21.826329Z,661,C1J0M9K6,735,English,43,Female,White,United Kingdom,United Kingdom,United Kingdom,English,No,"Not in paid work (e.g. homemaker', 'retired or disabled)"
663a40e4f98861ad1f7bda05,62b5d90d09660072824f68cf,APPROVED,Not Applicable,2024-05-07T14:55:36.668000Z,2024-05-07T15:10:29.595000Z,2024-05-08T13:23:43.289000Z,2024-05-07T15:10:30.392362Z,893,C1J0M9K6,1063,English,38,Male,Other,United Kingdom,United Kingdom,United Kingdom,English,DATA_EXPIRED,Full-Time
663a412b5a4286f44a29a61f,571dd9b913b1b70009be2d86,APPROVED,Not Applicable,2024-05-07T14:57:13.665000Z,2024-05-07T15:09:56.993000Z,2024-05-08T13:23:43.498000Z,2024-05-07T15:10:20.861931Z,764,C1J0M9K6,2698,English,55,Male,White,United Kingdom,United Kingdom,United Kingdom,English,No,Full-Time
663a413624b25ff68c1d3c35,5fb19bed1e04606b42023013,RETURNED,Not Applicable,2024-05-07T14:57:06.022000Z,,,2024-05-28T20:33:14.857986Z,,,714,CONSENT_REVOKED,CONSENT_REVOKED,CONSENT_REVOKED,CONSENT_REVOKED,CONSENT_REVOKED,CONSENT_REVOKED,CONSENT_REVOKED,CONSENT_REVOKED,CONSENT_REVOKED,CONSENT_REVOKED
663a41f7e303c9a06f4183b0,62b1ed0bcc6beb2773ac1db7,RETURNED,Not Applicable,2024-05-07T15:00:12.433000Z,,,2024-05-28T20:33:14.861993Z,,,524,CONSENT_REVOKED,CONSENT_REVOKED,CONSENT_REVOKED,CONSENT_REVOKED,CONSENT_REVOKED,CONSENT_REVOKED,CONSENT_REVOKED,CONSENT_REVOKED,CONSENT_REVOKED,CONSENT_REVOKED
663a41f9c23e5dc51629252c,5ec310cde88df1155e32bba6,APPROVED,Not Applicable,2024-05-07T15:00:09.666000Z,2024-05-07T15:22:40.799000Z,2024-05-08T13:23:43.695000Z,2024-05-07T15:23:08.808053Z,1352,C1J0M9K6,1291,English,55,Female,White,United Kingdom,United Kingdom,United Kingdom,English,No,Part-Time
663a41fc4805225b0d29529c,5d87a74208667b0001eff922,APPROVED,Not Applicable,2024-05-07T15:01:24.332000Z,2024-05-07T15:27:24.336000Z,2024-05-08T13:23:43.895000Z,2024-05-07T15:30:02.409252Z,1561,C1J0M9K6,2506,English,54,Male,White,United Kingdom,United Kingdom,United Kingdom,English,No,Full-Time
663a421439e8bb3d5bdc47a0,5b742314dabac600010daff6,APPROVED,Not Applicable,2024-05-07T15:01:35.514000Z,2024-05-07T15:43:19.633000Z,2024-05-08T13:23:44.106000Z,2024-05-07T15:44:13.390642Z,2505,C1J0M9K6,2069,English,63,Female,White,United Kingdom,United Kingdom,United Kingdom,English,No,"Not in paid work (e.g. homemaker', 'retired or disabled)"
663a4220912a30c220fb3e41,5a24facd7413810001521f7a,APPROVED,Not Applicable,2024-05-07T15:00:58.957000Z,2024-05-07T15:20:18.265000Z,2024-05-08T13:23:44.311000Z,2024-05-07T15:20:42.778429Z,1160,C1J0M9K6,765,English,26,Female,White,United Kingdom,United Kingdom,United Kingdom,English,Yes,Full-Time
663a422bf66bf2cb17b4a92b,63ed0d97a93096d3dbfe8a3f,APPROVED,Not Applicable,2024-05-07T15:01:13.588000Z,2024-05-07T15:20:21.967000Z,2024-05-08T13:23:44.529000Z,2024-05-07T15:20:47.276139Z,1149,C1J0M9K6,971,English,46,Male,White,United Kingdom,United Kingdom,United Kingdom,English,No,Full-Time
663a42917abad8ddf37ab545,63cee1e5dd458e6225157c7e,RETURNED,Not Applicable,2024-05-07T15:02:49.035000Z,,,2024-05-28T20:33:14.874632Z,,,716,CONSENT_REVOKED,CONSENT_REVOKED,CONSENT_REVOKED,CONSENT_REVOKED,CONSENT_REVOKED,CONSENT_REVOKED,CONSENT_REVOKED,CONSENT_REVOKED,CONSENT_REVOKED,CONSENT_REVOKED
663a42940bc2bc49e3a52845,5f01ee6ba43ac633f92cce50,RETURNED,Not Applicable,2024-05-07T15:12:44.363000Z,,,2024-05-28T20:33:14.872633Z,,,539,CONSENT_REVOKED,CONSENT_REVOKED,CONSENT_REVOKED,CONSENT_REVOKED,CONSENT_REVOKED,CONSENT_REVOKED,CONSENT_REVOKED,CONSENT_REVOKED,CONSENT_REVOKED,CONSENT_REVOKED
663a42a46837d39f202e40d7,63d46d8a90e399cfb7d022a5,APPROVED,Not Applicable,2024-05-07T15:03:08.832000Z,2024-05-07T15:31:27.132000Z,2024-05-08T13:23:44.854000Z,2024-05-07T15:31:28.177081Z,1699,C1J0M9K6,861,English,62,Male,White,United Kingdom,United Kingdom,United Kingdom,English,No,Part-Time
663a42d74805225b0d2952bf,60aab5962c85a00f1bc9631c,APPROVED,Not Applicable,2024-05-07T15:03:56.002000Z,2024-05-07T15:33:06.356000Z,2024-05-08T13:23:45.073000Z,2024-05-07T15:33:06.914078Z,1751,C1J0M9K6,897,English,40,Male,Black,Nigeria,United Kingdom,Nigeria,English,No,Full-Time
663a42de5e030aee36ae4cfa,5e9d85d30b8c7c057f5a88ff,APPROVED,Not Applicable,2024-05-07T15:04:11.796000Z,2024-05-07T15:21:59.122000Z,2024-05-08T13:23:45.280000Z,2024-05-07T15:22:32.796333Z,1068,C1J0M9K6,618,English,26,Female,White,United Kingdom,United Kingdom,United Kingdom,English,Yes,Full-Time
663a4302534476b34e66d0a6,5f1426a5e2e09745d203025b,APPROVED,Not Applicable,2024-05-07T15:04:44.920000Z,2024-05-07T15:25:07.897000Z,2024-05-08T13:23:45.590000Z,2024-05-07T15:25:12.405762Z,1223,C1J0M9K6,524,English,23,Female,Black,United Kingdom,United Kingdom,United Kingdom,English,No,Full-Time
663a433df03354ee6c3be928,603d3e53d42711c0d0c38b30,APPROVED,Not Applicable,2024-05-07T15:05:46.058000Z,2024-05-07T16:16:01.855000Z,2024-05-08T13:23:45.812000Z,2024-05-07T16:18:43.730975Z,4216,C1J0M9K6,315,"English, Hungarian",29,Female,White,Canada,United Kingdom,Hungary,Hungarian,No,Full-Time
663a437af03354ee6c3be931,6149be0fccc3a80b23287530,APPROVED,Not Applicable,2024-05-07T15:06:39.317000Z,2024-05-07T15:16:25.590000Z,2024-05-08T13:23:46.073000Z,2024-05-07T15:16:37.353948Z,587,C1J0M9K6,629,English,24,Female,White,United Kingdom,United Kingdom,United Kingdom,English,No,Full-Time
663a43b960b036e8e0d5510f,5e7fa0e918b10804bb87eb63,RETURNED,Not Applicable,2024-05-07T15:07:59.406000Z,,,2024-05-28T20:33:14.896834Z,,,2406,CONSENT_REVOKED,CONSENT_REVOKED,CONSENT_REVOKED,CONSENT_REVOKED,CONSENT_REVOKED,CONSENT_REVOKED,CONSENT_REVOKED,CONSENT_REVOKED,CONSENT_REVOKED,CONSENT_REVOKED
663a442f5879886aaea93901,60fd8b3363a117f05b46ae11,RETURNED,Not Applicable,2024-05-07T15:10:12.436000Z,,,2024-05-28T20:33:14.912504Z,,,169,CONSENT_REVOKED,CONSENT_REVOKED,CONSENT_REVOKED,CONSENT_REVOKED,CONSENT_REVOKED,CONSENT_REVOKED,CONSENT_REVOKED,CONSENT_REVOKED,CONSENT_REVOKED,CONSENT_REVOKED
663a450035777c96c9444382,5e3c595d955ce604ac669fcb,APPROVED,Not Applicable,2024-05-07T15:13:12.760000Z,2024-05-07T15:24:51.682000Z,2024-05-08T13:23:46.260000Z,2024-05-07T15:24:57.334995Z,699,C1J0M9K6,1254,"Spanish, English",40,Female,Other,Colombia,United Kingdom,Colombia,Spanish,No,Full-Time
663a4680b3cb781b5d0eaaf5,6321d9c78e8e3c04f82a0ea0,APPROVED,Not Applicable,2024-05-07T15:22:32.261000Z,2024-05-07T15:32:26.169000Z,2024-05-08T13:23:46.452000Z,2024-05-07T15:32:26.933016Z,594,C1J0M9K6,1311,English,37,Male,White,United Kingdom,United Kingdom,United Kingdom,English,No,"Not in paid work (e.g. homemaker', 'retired or disabled)"
663a46ae3ab83d820bf41060,56cf6e8d31a5bc0006e1cdf5,APPROVED,Not Applicable,2024-05-07T15:20:21.693000Z,2024-05-07T15:54:35.515000Z,2024-05-08T13:23:46.651000Z,2024-05-07T15:54:52.392688Z,2054,C1J0M9K6,3634,English,69,Female,White,United Kingdom,United Kingdom,United Kingdom,English,No,"Not in paid work (e.g. homemaker', 'retired or disabled)"
663a46ca5b7465227387d3fc,5769c881c8a90000010d9896,APPROVED,Not Applicable,2024-05-07T15:20:47.180000Z,2024-05-07T15:33:43.758000Z,2024-05-08T13:23:46.852000Z,2024-05-07T15:33:44.365630Z,777,C1J0M9K6,2023,English,31,Male,White,United Kingdom,United Kingdom,United Kingdom,English,Yes,Full-Time
663a4794ff19a59f1517282c,659599a35a45f68375c3f06a,APPROVED,Not Applicable,2024-05-07T15:24:29.623000Z,2024-05-07T15:42:49.055000Z,2024-05-08T13:23:47.059000Z,2024-05-07T15:44:07.358350Z,1100,C1J0M9K6,277,English,29,Female,White,United Kingdom,United Kingdom,United Kingdom,English,No,Full-Time
663a53909911b2d558e5d7a6,5eaefbfa63ac4305357dae76,APPROVED,Not Applicable,2024-05-07T16:15:16.328000Z,2024-05-07T16:31:50.499000Z,2024-05-08T13:23:47.239000Z,2024-05-07T16:32:07.423059Z,995,C1J0M9K6,849,English,38,Female,White,United Kingdom,United Kingdom,United Kingdom,English,No,Full-Time