"Id","Age","Gen","Job","Edu","Duration","Man","NF_N1","NF_N2","Prob","Sol_Time","Scr","response","Adv","BR","HR","FAR","true_posterior"
1,34,1,6,2,74,"Frequency",80,10000,NA,30.198,0,0.01,27.97697842,0.01,0.8,0.02,0.287769784172662
2,22,1,9,4,173,"Probability",NA,NA,75,133.49,0,0.75,46.22302158,0.01,0.8,0.02,0.287769784172662
4,37,1,2,2,160,"Probability",NA,NA,80,69.535,0,0.8,51.22302158,0.01,0.8,0.02,0.287769784172662
6,69,1,8,3,236,"Frequency",80,278,NA,175.967,1,0.29,0,0.01,0.8,0.02,0.287769784172662
7,58,1,8,2,118,"Probability",NA,NA,80,62.958,0,0.8,51.22302158,0.01,0.8,0.02,0.287769784172662
8,31,1,5,3,116,"Frequency",70,100,NA,83.042,0,0.7,41.22302158,0.01,0.8,0.02,0.287769784172662
10,22,2,9,3,79,"Probability",NA,NA,80,33.825,0,0.8,51.22302158,0.01,0.8,0.02,0.287769784172662
11,37,1,2,2,267,"Probability",NA,NA,80,209.68,0,0.8,51.22302158,0.01,0.8,0.02,0.287769784172662
12,48,2,2,3,212,"Frequency",1,3,NA,132.295,0,0.33,4.556354916,0.01,0.8,0.02,0.287769784172662
14,64,2,3,3,233,"Frequency",2,10,NA,173.369,0,0.2,8.776978417,0.01,0.8,0.02,0.287769784172662
15,46,2,2,5,143,"Frequency",2,5,NA,65.794,0,0.4,11.22302158,0.01,0.8,0.02,0.287769784172662
16,56,2,3,2,217,"Probability",NA,NA,1,64.579,0,0.01,27.77697842,0.01,0.8,0.02,0.287769784172662
17,66,2,8,2,196,"Frequency",278,10000,NA,123.101,0,0.03,25.99697842,0.01,0.8,0.02,0.287769784172662
18,23,1,6,2,225,"Probability",NA,NA,1,165.989,0,0.01,27.77697842,0.01,0.8,0.02,0.287769784172662
20,25,1,3,3,154,"Frequency",278,10000,NA,92.896,0,0.03,25.99697842,0.01,0.8,0.02,0.287769784172662
21,51,2,1,2,78,"Probability",NA,NA,98,38.523,0,0.98,69.22302158,0.01,0.8,0.02,0.287769784172662
22,64,2,1,2,126,"Frequency",1,100,NA,71.098,0,0.01,27.77697842,0.01,0.8,0.02,0.287769784172662
23,35,2,3,2,174,"Probability",NA,NA,1,92.62,0,0.01,27.77697842,0.01,0.8,0.02,0.287769784172662
24,52,2,1,3,132,"Probability",NA,NA,80,59.112,0,0.8,51.22302158,0.01,0.8,0.02,0.287769784172662
28,33,1,3,2,165,"Frequency",1,100,NA,80.149,0,0.01,27.77697842,0.01,0.8,0.02,0.287769784172662
29,23,2,3,3,144,"Frequency",278,10000,NA,91.302,0,0.03,25.99697842,0.01,0.8,0.02,0.287769784172662
30,46,1,2,2,136,"Probability",NA,NA,80,31.951,0,0.8,51.22302158,0.01,0.8,0.02,0.287769784172662
33,31,2,3,3,124,"Frequency",80,100,NA,56.28,0,0.8,51.22302158,0.01,0.8,0.02,0.287769784172662
34,49,2,10,3,268,"Probability",NA,NA,98,198.184,0,0.98,69.22302158,0.01,0.8,0.02,0.287769784172662
35,52,1,1,4,90,"Probability",NA,NA,98,48.629,0,0.98,69.22302158,0.01,0.8,0.02,0.287769784172662
36,29,2,3,3,137,"Frequency",80,100,NA,57.078,0,0.8,51.22302158,0.01,0.8,0.02,0.287769784172662
37,55,1,8,3,107,"Probability",NA,NA,80,55.032,0,0.8,51.22302158,0.01,0.8,0.02,0.287769784172662
41,56,1,1,3,215,"Frequency",80,10000,NA,117.801,0,0.01,27.97697842,0.01,0.8,0.02,0.287769784172662
42,30,1,3,2,128,"Probability",NA,NA,85,83.835,0,0.85,56.22302158,0.01,0.8,0.02,0.287769784172662
43,47,1,1,4,159,"Frequency",80,100,NA,91.546,0,0.8,51.22302158,0.01,0.8,0.02,0.287769784172662
44,33,2,10,2,103,"Probability",NA,NA,80,52.359,0,0.8,51.22302158,0.01,0.8,0.02,0.287769784172662
45,42,2,1,2,313,"Frequency",100,10000,NA,249.287,0,0.01,27.77697842,0.01,0.8,0.02,0.287769784172662
46,35,2,1,4,82,"Frequency",1,100,NA,32.085,0,0.01,27.77697842,0.01,0.8,0.02,0.287769784172662
47,35,2,1,3,117,"Probability",NA,NA,40,61.059,0,0.4,11.22302158,0.01,0.8,0.02,0.287769784172662
48,32,1,9,4,405,"Probability",NA,NA,98,269.6,0,0.98,69.22302158,0.01,0.8,0.02,0.287769784172662
49,64,2,1,4,195,"Frequency",1,50,NA,102.77,0,0.02,26.77697842,0.01,0.8,0.02,0.287769784172662
51,34,2,1,4,121,"Probability",NA,NA,1,40.063,0,0.01,27.77697842,0.01,0.8,0.02,0.287769784172662
54,35,2,3,2,134,"Frequency",80,278,NA,55.44,1,0.29,0,0.01,0.8,0.02,0.287769784172662
55,32,1,1,2,174,"Probability",NA,NA,80,125.047,0,0.8,51.22302158,0.01,0.8,0.02,0.287769784172662
56,36,1,5,2,76,"Frequency",298,10000,NA,41.498,0,0.03,25.79697842,0.01,0.8,0.02,0.287769784172662
58,49,2,2,4,227,"Probability",NA,NA,80,94.4,0,0.8,51.22302158,0.01,0.8,0.02,0.287769784172662
60,23,1,2,3,197,"Probability",NA,NA,78,65.842,0,0.78,49.22302158,0.01,0.8,0.02,0.287769784172662
61,70,2,8,2,163,"Probability",NA,NA,41,103.543,0,0.41,12.22302158,0.01,0.8,0.02,0.287769784172662
63,66,2,8,4,212,"Probability",NA,NA,1,112.076,0,0.01,27.77697842,0.01,0.8,0.02,0.287769784172662
64,28,2,10,2,192,"Frequency",278,10000,NA,94.925,0,0.03,25.99697842,0.01,0.8,0.02,0.287769784172662
65,41,2,1,5,116,"Probability",NA,NA,50,77.373,0,0.5,21.22302158,0.01,0.8,0.02,0.287769784172662
66,42,2,10,4,376,"Frequency",80,100,NA,217.664,0,0.8,51.22302158,0.01,0.8,0.02,0.287769784172662
67,36,2,1,2,112,"Probability",NA,NA,80,36.115,0,0.8,51.22302158,0.01,0.8,0.02,0.287769784172662
68,66,2,8,4,111,"Frequency",80,100,NA,54.829,0,0.8,51.22302158,0.01,0.8,0.02,0.287769784172662
72,28,2,2,3,146,"Probability",NA,NA,8,84.846,0,0.08,20.77697842,0.01,0.8,0.02,0.287769784172662
73,42,1,3,3,110,"Probability",NA,NA,0.008,78.508,0,0,28.76897842,0.01,0.8,0.02,0.287769784172662
75,38,1,1,3,120,"Frequency",378,10000,NA,72.377,0,0.04,24.99697842,0.01,0.8,0.02,0.287769784172662
76,37,2,1,4,100,"Frequency",30,100,NA,56.916,0,0.3,1.223021583,0.01,0.8,0.02,0.287769784172662
77,34,2,3,2,238,"Frequency",80,278,NA,167.003,1,0.29,0,0.01,0.8,0.02,0.287769784172662
78,29,2,1,3,250,"Probability",NA,NA,98,165.462,0,0.98,69.22302158,0.01,0.8,0.02,0.287769784172662
79,51,2,2,3,104,"Probability",NA,NA,0.08,46.648,0,0,28.69697842,0.01,0.8,0.02,0.287769784172662
80,36,1,7,4,134,"Probability",NA,NA,40,93.622,0,0.4,11.22302158,0.01,0.8,0.02,0.287769784172662
82,35,2,7,3,76,"Probability",NA,NA,80,33.901,0,0.8,51.22302158,0.01,0.8,0.02,0.287769784172662
83,44,1,3,2,231,"Probability",NA,NA,80,163.059,0,0.8,51.22302158,0.01,0.8,0.02,0.287769784172662
84,40,2,1,3,142,"Frequency",278,10000,NA,77.51,0,0.03,25.99697842,0.01,0.8,0.02,0.287769784172662
86,56,1,7,3,354,"Frequency",288,10000,NA,232.253,0,0.03,25.89697842,0.01,0.8,0.02,0.287769784172662
88,38,2,10,3,96,"Probability",NA,NA,80,35.456,0,0.8,51.22302158,0.01,0.8,0.02,0.287769784172662
90,32,2,10,5,107,"Frequency",500,10000,NA,69.628,0,0.05,23.77697842,0.01,0.8,0.02,0.287769784172662
92,34,2,1,4,371,"Frequency",278,10000,NA,171.043,0,0.03,25.99697842,0.01,0.8,0.02,0.287769784172662
93,26,2,1,4,130,"Probability",NA,NA,78,98.415,0,0.78,49.22302158,0.01,0.8,0.02,0.287769784172662
96,30,2,3,2,117,"Probability",NA,NA,80,71.521,0,0.8,51.22302158,0.01,0.8,0.02,0.287769784172662
97,53,2,3,2,182,"Frequency",80,10000,NA,113.212,0,0.01,27.97697842,0.01,0.8,0.02,0.287769784172662
99,33,2,1,3,103,"Frequency",80,278,NA,67.548,1,0.29,0,0.01,0.8,0.02,0.287769784172662
100,32,2,3,3,86,"Probability",NA,NA,1,45.146,0,0.01,27.77697842,0.01,0.8,0.02,0.287769784172662
102,43,2,1,3,101,"Probability",NA,NA,60,41.209,0,0.6,31.22302158,0.01,0.8,0.02,0.287769784172662
103,33,1,9,3,212,"Probability",NA,NA,98,170.351,0,0.98,69.22302158,0.01,0.8,0.02,0.287769784172662
104,65,2,8,3,197,"Frequency",78,80,NA,140.405,0,0.98,68.72302158,0.01,0.8,0.02,0.287769784172662
107,48,2,10,3,143,"Frequency",1,10000,NA,73.529,0,0,28.76697842,0.01,0.8,0.02,0.287769784172662
108,41,2,10,3,181,"Probability",NA,NA,80,50.052,0,0.8,51.22302158,0.01,0.8,0.02,0.287769784172662
110,50,1,6,2,127,"Frequency",2,100,NA,74.121,0,0.02,26.77697842,0.01,0.8,0.02,0.287769784172662
111,48,2,9,3,119,"Frequency",8,100,NA,75.831,0,0.08,20.77697842,0.01,0.8,0.02,0.287769784172662
113,54,2,10,2,199,"Frequency",80,278,NA,154.169,1,0.29,0,0.01,0.8,0.02,0.287769784172662
115,50,2,7,3,344,"Frequency",8,100,NA,260.244,0,0.08,20.77697842,0.01,0.8,0.02,0.287769784172662
116,27,2,10,4,167,"Frequency",80,278,NA,132.238,1,0.29,0,0.01,0.8,0.02,0.287769784172662
117,66,1,8,2,146,"Probability",NA,NA,1,79.293,0,0.01,27.77697842,0.01,0.8,0.02,0.287769784172662
118,36,2,1,5,112,"Probability",NA,NA,76,69.691,0,0.76,47.22302158,0.01,0.8,0.02,0.287769784172662
119,34,2,1,2,140,"Probability",NA,NA,98,82.05,0,0.98,69.22302158,0.01,0.8,0.02,0.287769784172662
120,66,2,2,3,96,"Frequency",80,100,NA,31.962,0,0.8,51.22302158,0.01,0.8,0.02,0.287769784172662
121,32,2,1,3,133,"Frequency",80,9900,NA,76.903,0,0.01,27.96889761,0.01,0.8,0.02,0.287769784172662
122,44,2,1,2,362,"Frequency",1,3,NA,118.929,0,0.33,4.556354916,0.01,0.8,0.02,0.287769784172662
125,63,2,8,2,252,"Probability",NA,NA,1,121.462,0,0.01,27.77697842,0.01,0.8,0.02,0.287769784172662
126,33,1,3,3,187,"Frequency",80,10000,NA,122.27,0,0.01,27.97697842,0.01,0.8,0.02,0.287769784172662
128,56,1,2,2,148,"Probability",NA,NA,80,92.006,0,0.8,51.22302158,0.01,0.8,0.02,0.287769784172662
131,31,2,9,2,108,"Frequency",50,80,NA,63.677,0,0.62,33.72302158,0.01,0.8,0.02,0.287769784172662
132,33,2,9,3,588,"Probability",NA,NA,78,265.504,0,0.78,49.22302158,0.01,0.8,0.02,0.287769784172662
133,31,2,3,2,113,"Frequency",1,100,NA,48.58,0,0.01,27.77697842,0.01,0.8,0.02,0.287769784172662
136,71,2,8,3,159,"Probability",NA,NA,80,85.301,0,0.8,51.22302158,0.01,0.8,0.02,0.287769784172662
139,46,2,9,2,152,"Probability",NA,NA,1,63.901,0,0.01,27.77697842,0.01,0.8,0.02,0.287769784172662
140,62,1,1,2,165,"Probability",NA,NA,2.4,102.26,0,0.02,26.37697842,0.01,0.8,0.02,0.287769784172662
141,46,2,1,3,129,"Probability",NA,NA,40,86.179,0,0.4,11.22302158,0.01,0.8,0.02,0.287769784172662
142,63,2,8,3,263,"Probability",NA,NA,33,141.26,0,0.33,4.223021583,0.01,0.8,0.02,0.287769784172662
144,37,1,10,4,360,"Frequency",40,98,NA,291.684,0,0.41,12.03934811,0.01,0.8,0.02,0.287769784172662
145,52,2,10,2,484,"Probability",NA,NA,2,342.339,0,0.02,26.77697842,0.01,0.8,0.02,0.287769784172662
147,38,2,1,3,125,"Frequency",80,278,NA,81.247,1,0.29,0,0.01,0.8,0.02,0.287769784172662
148,59,2,2,3,315,"Frequency",19,198,NA,156.605,0,0.1,19.18101882,0.01,0.8,0.02,0.287769784172662
149,34,1,1,3,91,"Probability",NA,NA,95,53.262,0,0.95,66.22302158,0.01,0.8,0.02,0.287769784172662
150,59,2,9,2,190,"Frequency",100,10000,NA,90.36,0,0.01,27.77697842,0.01,0.8,0.02,0.287769784172662
153,33,2,1,3,209,"Probability",NA,NA,98,56.826,0,0.98,69.22302158,0.01,0.8,0.02,0.287769784172662
154,40,2,3,3,126,"Probability",NA,NA,76,67.937,0,0.76,47.22302158,0.01,0.8,0.02,0.287769784172662
155,26,2,1,3,103,"Frequency",80,100,NA,66.072,0,0.8,51.22302158,0.01,0.8,0.02,0.287769784172662
156,41,2,3,3,320,"Probability",NA,NA,98,163.09,0,0.98,69.22302158,0.01,0.8,0.02,0.287769784172662
157,39,2,3,2,105,"Frequency",80,150,NA,58.701,0,0.53,24.55635492,0.01,0.8,0.02,0.287769784172662
158,46,2,1,3,784,"Frequency",278,10000,NA,732.346,0,0.03,25.99697842,0.01,0.8,0.02,0.287769784172662
159,43,2,1,4,125,"Probability",NA,NA,80,76.845,0,0.8,51.22302158,0.01,0.8,0.02,0.287769784172662
160,55,1,6,2,480,"Frequency",100,10000,NA,372.529,0,0.01,27.77697842,0.01,0.8,0.02,0.287769784172662
161,51,2,9,4,173,"Probability",NA,NA,98,110.2,0,0.98,69.22302158,0.01,0.8,0.02,0.287769784172662
162,54,1,1,3,291,"Frequency",80,278,NA,208.771,1,0.29,0,0.01,0.8,0.02,0.287769784172662
163,28,1,1,3,105,"Probability",NA,NA,98,62.86,0,0.98,69.22302158,0.01,0.8,0.02,0.287769784172662
164,67,2,8,2,329,"Frequency",9,298,NA,259.49,0,0.03,25.75684419,0.01,0.8,0.02,0.287769784172662
165,27,2,1,3,138,"Probability",NA,NA,98,63.921,0,0.98,69.22302158,0.01,0.8,0.02,0.287769784172662
166,75,2,8,2,227,"Probability",NA,NA,1,102.054,0,0.01,27.77697842,0.01,0.8,0.02,0.287769784172662
167,36,2,1,4,271,"Probability",NA,NA,80,221.244,0,0.8,51.22302158,0.01,0.8,0.02,0.287769784172662
168,28,1,3,2,80,"Probability",NA,NA,2,32.644,0,0.02,26.77697842,0.01,0.8,0.02,0.287769784172662
169,38,1,2,3,164,"Probability",NA,NA,10,20.294,0,0.1,18.77697842,0.01,0.8,0.02,0.287769784172662
170,67,1,8,3,155,"Frequency",80,300,NA,94.008,0,0.27,2.110311751,0.01,0.8,0.02,0.287769784172662
172,22,2,3,2,189,"Frequency",90,10000,NA,122.151,0,0.01,27.87697842,0.01,0.8,0.02,0.287769784172662
173,57,1,6,2,302,"Frequency",417,15000,NA,189.948,0,0.03,25.99697842,0.01,0.8,0.02,0.287769784172662
176,71,1,8,3,704,"Frequency",80,278,NA,565.673,1,0.29,0,0.01,0.8,0.02,0.287769784172662
181,36,1,10,2,248,"Frequency",68,100,NA,175.023,0,0.68,39.22302158,0.01,0.8,0.02,0.287769784172662
182,30,1,7,5,136,"Probability",NA,NA,0.8,57.454,0,0.01,27.97697842,0.01,0.8,0.02,0.287769784172662
185,63,2,8,3,172,"Probability",NA,NA,0.8,91.842,0,0.01,27.97697842,0.01,0.8,0.02,0.287769784172662
186,38,2,1,3,75,"Frequency",278,10000,NA,40.927,0,0.03,25.99697842,0.01,0.8,0.02,0.287769784172662
187,34,1,1,3,406,"Probability",NA,NA,80,358.713,0,0.8,51.22302158,0.01,0.8,0.02,0.287769784172662
188,58,3,1,3,121,"Frequency",78,178,NA,67.984,0,0.44,15.0432463,0.01,0.8,0.02,0.287769784172662
192,24,1,6,2,219,"Frequency",20,198,NA,123.202,0,0.1,18.67596832,0.01,0.8,0.02,0.287769784172662
193,35,2,9,2,123,"Probability",NA,NA,80,80.488,0,0.8,51.22302158,0.01,0.8,0.02,0.287769784172662
194,31,2,1,3,185,"Frequency",288,10000,NA,132.731,0,0.03,25.89697842,0.01,0.8,0.02,0.287769784172662
196,32,2,3,3,144,"Probability",NA,NA,1,96.099,0,0.01,27.77697842,0.01,0.8,0.02,0.287769784172662
199,57,1,3,3,111,"Probability",NA,NA,78,47.6,0,0.78,49.22302158,0.01,0.8,0.02,0.287769784172662
200,36,2,1,2,121,"Frequency",8,10,NA,59.063,0,0.8,51.22302158,0.01,0.8,0.02,0.287769784172662
202,26,2,7,3,170,"Frequency",80,278,NA,106.273,1,0.29,0,0.01,0.8,0.02,0.287769784172662
205,73,2,8,2,168,"Probability",NA,NA,80,75.86,0,0.8,51.22302158,0.01,0.8,0.02,0.287769784172662
206,43,2,1,3,309,"Probability",NA,NA,82,151.493,0,0.82,53.22302158,0.01,0.8,0.02,0.287769784172662
209,30,2,10,3,59,"Frequency",80,100,NA,20.077,0,0.8,51.22302158,0.01,0.8,0.02,0.287769784172662
210,45,1,2,2,234,"Frequency",80,278,NA,170.464,1,0.29,0,0.01,0.8,0.02,0.287769784172662
211,43,2,1,2,326,"Frequency",278,10000,NA,244.684,0,0.03,25.99697842,0.01,0.8,0.02,0.287769784172662
214,40,1,1,2,82,"Probability",NA,NA,80,42.584,0,0.8,51.22302158,0.01,0.8,0.02,0.287769784172662
215,58,1,1,3,110,"Probability",NA,NA,1,58.626,0,0.01,27.77697842,0.01,0.8,0.02,0.287769784172662
216,37,1,1,3,255,"Probability",NA,NA,25,188.477,0,0.25,3.776978417,0.01,0.8,0.02,0.287769784172662
217,25,2,1,4,248,"Frequency",100,278,NA,185.265,0,0.36,7.194244604,0.01,0.8,0.02,0.287769784172662
218,33,1,1,4,133,"Frequency",10,1000,NA,101.874,0,0.01,27.77697842,0.01,0.8,0.02,0.287769784172662
219,23,2,1,4,83,"Probability",NA,NA,80,49.283,0,0.8,51.22302158,0.01,0.8,0.02,0.287769784172662
220,65,1,10,2,153,"Probability",NA,NA,1,94.999,0,0.01,27.77697842,0.01,0.8,0.02,0.287769784172662
221,39,2,1,4,127,"Frequency",1,1000,NA,82.072,0,0,28.67697842,0.01,0.8,0.02,0.287769784172662
222,53,2,1,3,191,"Probability",NA,NA,1,123.887,0,0.01,27.77697842,0.01,0.8,0.02,0.287769784172662
223,26,2,1,2,65,"Probability",NA,NA,1,32.23,0,0.01,27.77697842,0.01,0.8,0.02,0.287769784172662
224,30,2,1,3,193,"Frequency",100,278,NA,124.372,0,0.36,7.194244604,0.01,0.8,0.02,0.287769784172662
226,30,1,10,4,176,"Frequency",1,80,NA,135.703,0,0.01,27.52697842,0.01,0.8,0.02,0.287769784172662
228,35,2,9,2,138,"Probability",NA,NA,1,51.715,0,0.01,27.77697842,0.01,0.8,0.02,0.287769784172662
229,36,2,1,4,205,"Probability",NA,NA,80,43.347,0,0.8,51.22302158,0.01,0.8,0.02,0.287769784172662
234,32,1,1,3,102,"Probability",NA,NA,80,67.804,0,0.8,51.22302158,0.01,0.8,0.02,0.287769784172662
236,29,2,3,3,170,"Frequency",80,278,NA,106.386,1,0.29,0,0.01,0.8,0.02,0.287769784172662
237,30,2,1,4,302,"Frequency",2,10,NA,257.82,0,0.2,8.776978417,0.01,0.8,0.02,0.287769784172662
238,71,1,8,2,234,"Probability",NA,NA,98,163.303,0,0.98,69.22302158,0.01,0.8,0.02,0.287769784172662
240,40,2,1,3,169,"Probability",NA,NA,2,91.891,0,0.02,26.77697842,0.01,0.8,0.02,0.287769784172662
241,46,1,1,3,208,"Probability",NA,NA,78,130.779,0,0.78,49.22302158,0.01,0.8,0.02,0.287769784172662
242,46,2,10,2,244,"Probability",NA,NA,98,137.908,0,0.98,69.22302158,0.01,0.8,0.02,0.287769784172662
243,45,1,1,3,400,"Frequency",80,298,NA,241.584,0,0.27,1.931340833,0.01,0.8,0.02,0.287769784172662
245,50,2,1,5,185,"Probability",NA,NA,1,50.43,0,0.01,27.77697842,0.01,0.8,0.02,0.287769784172662
246,49,2,1,2,193,"Frequency",75,9900,NA,148.701,0,0.01,28.01940266,0.01,0.8,0.02,0.287769784172662
247,37,1,10,2,243,"Frequency",80,100,NA,154.916,0,0.8,51.22302158,0.01,0.8,0.02,0.287769784172662
248,44,2,1,2,184,"Frequency",100,10000,NA,64.404,0,0.01,27.77697842,0.01,0.8,0.02,0.287769784172662
250,35,2,1,3,171,"Frequency",1,3,NA,110.491,0,0.33,4.556354916,0.01,0.8,0.02,0.287769784172662
251,38,1,1,4,128,"Frequency",278,10000,NA,90.637,0,0.03,25.99697842,0.01,0.8,0.02,0.287769784172662
253,31,2,1,3,235,"Probability",NA,NA,80,113.93,0,0.8,51.22302158,0.01,0.8,0.02,0.287769784172662
256,71,1,8,3,360,"Frequency",80,278,NA,258.132,1,0.29,0,0.01,0.8,0.02,0.287769784172662
257,43,1,1,3,109,"Probability",NA,NA,80,50.602,0,0.8,51.22302158,0.01,0.8,0.02,0.287769784172662
258,30,2,1,3,112,"Frequency",100,380,NA,80.388,0,0.26,2.461188944,0.01,0.8,0.02,0.287769784172662
259,35,2,10,2,101,"Frequency",198,9900,NA,50.101,0,0.02,26.77697842,0.01,0.8,0.02,0.287769784172662
260,27,2,3,3,245,"Probability",NA,NA,50,215.559,0,0.5,21.22302158,0.01,0.8,0.02,0.287769784172662
263,44,1,2,2,117,"Probability",NA,NA,2,65.002,0,0.02,26.77697842,0.01,0.8,0.02,0.287769784172662
266,61,2,8,2,135,"Probability",NA,NA,1,65.101,0,0.01,27.77697842,0.01,0.8,0.02,0.287769784172662
267,63,2,8,3,171,"Frequency",1,100,NA,107.668,0,0.01,27.77697842,0.01,0.8,0.02,0.287769784172662
270,39,2,1,3,142,"Frequency",80,278,NA,76.087,1,0.29,0,0.01,0.8,0.02,0.287769784172662
271,42,2,1,4,159,"Probability",NA,NA,40,96.316,0,0.4,11.22302158,0.01,0.8,0.02,0.287769784172662
272,77,2,1,2,126,"Frequency",1,100,NA,60.364,0,0.01,27.77697842,0.01,0.8,0.02,0.287769784172662
273,61,1,8,5,137,"Probability",NA,NA,0.8,80.801,0,0.01,27.97697842,0.01,0.8,0.02,0.287769784172662
274,30,2,9,3,384,"Frequency",278,10000,NA,203.337,0,0.03,25.99697842,0.01,0.8,0.02,0.287769784172662
276,20,2,9,3,108,"Frequency",80,278,NA,71.072,1,0.29,0,0.01,0.8,0.02,0.287769784172662
278,45,2,9,3,150,"Probability",NA,NA,98,69.13,0,0.98,69.22302158,0.01,0.8,0.02,0.287769784172662
279,27,2,1,4,49,"Frequency",198,9900,NA,19.652,0,0.02,26.77697842,0.01,0.8,0.02,0.287769784172662
280,55,2,3,2,326,"Probability",NA,NA,80,192.918,0,0.8,51.22302158,0.01,0.8,0.02,0.287769784172662
281,37,2,1,3,130,"Frequency",80,100,NA,89.779,0,0.8,51.22302158,0.01,0.8,0.02,0.287769784172662
282,36,2,1,4,115,"Probability",NA,NA,1,60.437,0,0.01,27.77697842,0.01,0.8,0.02,0.287769784172662
283,49,2,1,2,167,"Probability",NA,NA,78,77.315,0,0.78,49.22302158,0.01,0.8,0.02,0.287769784172662
285,20,2,10,2,162,"Frequency",278,10000,NA,107.065,0,0.03,25.99697842,0.01,0.8,0.02,0.287769784172662
286,49,2,10,2,108,"Frequency",278,10000,NA,59.71,0,0.03,25.99697842,0.01,0.8,0.02,0.287769784172662
287,33,2,1,2,78,"Probability",NA,NA,1,42.775,0,0.01,27.77697842,0.01,0.8,0.02,0.287769784172662
288,44,1,7,2,248,"Frequency",80,100,NA,103.954,0,0.8,51.22302158,0.01,0.8,0.02,0.287769784172662
289,28,1,7,4,285,"Frequency",2,7,NA,215.734,0,0.29,0.205549846,0.01,0.8,0.02,0.287769784172662
291,52,2,1,3,312,"Probability",NA,NA,80,239.67,0,0.8,51.22302158,0.01,0.8,0.02,0.287769784172662
292,31,1,2,3,128,"Probability",NA,NA,0.8,90.097,0,0.01,27.97697842,0.01,0.8,0.02,0.287769784172662
293,57,1,3,2,304,"Frequency",100,10000,NA,203.24,0,0.01,27.77697842,0.01,0.8,0.02,0.287769784172662
295,50,1,1,2,103,"Probability",NA,NA,80,45.872,0,0.8,51.22302158,0.01,0.8,0.02,0.287769784172662
296,38,2,10,4,118,"Probability",NA,NA,90,80.068,0,0.9,61.22302158,0.01,0.8,0.02,0.287769784172662
297,46,1,10,3,323,"Probability",NA,NA,2.8,173.828,0,0.03,25.97697842,0.01,0.8,0.02,0.287769784172662
298,31,2,10,4,127,"Probability",NA,NA,97,77.099,0,0.97,68.22302158,0.01,0.8,0.02,0.287769784172662
300,33,1,1,2,159,"Frequency",300,10000,NA,112.42,0,0.03,25.77697842,0.01,0.8,0.02,0.287769784172662
301,29,1,1,3,218,"Frequency",80,278,NA,176.724,1,0.29,0,0.01,0.8,0.02,0.287769784172662
302,49,2,1,2,144,"Probability",NA,NA,98,69.168,0,0.98,69.22302158,0.01,0.8,0.02,0.287769784172662
304,38,2,9,4,330,"Frequency",80,278,NA,243.152,1,0.29,0,0.01,0.8,0.02,0.287769784172662
305,32,2,10,3,127,"Frequency",100,10000,NA,60.635,0,0.01,27.77697842,0.01,0.8,0.02,0.287769784172662
306,36,1,7,3,291,"Probability",NA,NA,1,174.687,0,0.01,27.77697842,0.01,0.8,0.02,0.287769784172662
308,29,2,3,2,145,"Frequency",2,100,NA,38.966,0,0.02,26.77697842,0.01,0.8,0.02,0.287769784172662
313,63,1,10,2,185,"Probability",NA,NA,2,63.108,0,0.02,26.77697842,0.01,0.8,0.02,0.287769784172662
314,43,2,1,2,279,"Frequency",100,10000,NA,178.402,0,0.01,27.77697842,0.01,0.8,0.02,0.287769784172662
316,28,2,1,3,94,"Probability",NA,NA,90,42.457,0,0.9,61.22302158,0.01,0.8,0.02,0.287769784172662
317,39,1,10,4,163,"Frequency",1,1000,NA,102.245,0,0,28.67697842,0.01,0.8,0.02,0.287769784172662
319,49,2,10,2,283,"Probability",NA,NA,80,114.652,0,0.8,51.22302158,0.01,0.8,0.02,0.287769784172662
322,48,1,1,3,110,"Frequency",50,12000,NA,67.275,0,0,28.36031175,0.01,0.8,0.02,0.287769784172662
327,54,1,10,3,113,"Probability",NA,NA,2,61.469,0,0.02,26.77697842,0.01,0.8,0.02,0.287769784172662
329,24,2,9,3,210,"Probability",NA,NA,80,99.179,0,0.8,51.22302158,0.01,0.8,0.02,0.287769784172662
330,37,1,1,3,175,"Probability",NA,NA,1,122.233,0,0.01,27.77697842,0.01,0.8,0.02,0.287769784172662
331,45,1,3,2,173,"Frequency",170,1000,NA,114.98,0,0.17,11.77697842,0.01,0.8,0.02,0.287769784172662
332,26,2,3,3,140,"Frequency",80,10000,NA,92.359,0,0.01,27.97697842,0.01,0.8,0.02,0.287769784172662
333,37,1,1,3,256,"Probability",NA,NA,100,200.692,0,1,71.22302158,0.01,0.8,0.02,0.287769784172662
334,77,1,8,4,145,"Frequency",250,1000,NA,91.17,0,0.25,3.776978417,0.01,0.8,0.02,0.287769784172662
337,29,2,9,4,87,"Frequency",80,100,NA,37.803,0,0.8,51.22302158,0.01,0.8,0.02,0.287769784172662
338,37,1,1,3,159,"Frequency",79,100,NA,69.16,0,0.79,50.22302158,0.01,0.8,0.02,0.287769784172662
339,35,2,4,3,255,"Frequency",98,100,NA,204.731,0,0.98,69.22302158,0.01,0.8,0.02,0.287769784172662
340,55,2,10,3,332,"Frequency",100,10000,NA,216.912,0,0.01,27.77697842,0.01,0.8,0.02,0.287769784172662
341,40,1,1,3,132,"Probability",NA,NA,80,50.677,0,0.8,51.22302158,0.01,0.8,0.02,0.287769784172662
342,64,1,8,3,223,"Probability",NA,NA,77,128.141,0,0.77,48.22302158,0.01,0.8,0.02,0.287769784172662
344,69,1,8,2,336,"Probability",NA,NA,2,88.196,0,0.02,26.77697842,0.01,0.8,0.02,0.287769784172662
345,60,2,8,2,224,"Probability",NA,NA,1,156.567,0,0.01,27.77697842,0.01,0.8,0.02,0.287769784172662
347,67,1,8,1,227,"Frequency",80,100,NA,123.723,0,0.8,51.22302158,0.01,0.8,0.02,0.287769784172662
349,45,1,6,4,352,"Frequency",80,278,NA,273.973,1,0.29,0,0.01,0.8,0.02,0.287769784172662
350,36,2,1,2,149,"Probability",NA,NA,80,92.812,0,0.8,51.22302158,0.01,0.8,0.02,0.287769784172662
351,64,2,8,2,189,"Probability",NA,NA,1,117.042,0,0.01,27.77697842,0.01,0.8,0.02,0.287769784172662
353,32,2,1,4,100,"Frequency",8000,10000,NA,71.935,0,0.8,51.22302158,0.01,0.8,0.02,0.287769784172662
354,31,3,3,3,290,"Frequency",80,278,NA,220.279,1,0.29,0,0.01,0.8,0.02,0.287769784172662
355,64,2,9,3,273,"Probability",NA,NA,78,66.56,0,0.78,49.22302158,0.01,0.8,0.02,0.287769784172662
356,55,1,9,2,164,"Frequency",80,10000,NA,79.577,0,0.01,27.97697842,0.01,0.8,0.02,0.287769784172662
357,42,2,1,3,111,"Frequency",80,278,NA,77.638,1,0.29,0,0.01,0.8,0.02,0.287769784172662
359,29,2,2,3,215,"Frequency",1,100,NA,94.564,0,0.01,27.77697842,0.01,0.8,0.02,0.287769784172662
361,52,2,7,3,141,"Probability",NA,NA,80,90.052,0,0.8,51.22302158,0.01,0.8,0.02,0.287769784172662
362,50,1,7,4,592,"Probability",NA,NA,78,535.004,0,0.78,49.22302158,0.01,0.8,0.02,0.287769784172662
365,57,1,1,2,286,"Frequency",80,278,NA,196.914,1,0.29,0,0.01,0.8,0.02,0.287769784172662
368,60,2,1,3,157,"Probability",NA,NA,50,90.371,0,0.5,21.22302158,0.01,0.8,0.02,0.287769784172662
369,25,1,1,3,126,"Probability",NA,NA,82,85.921,0,0.82,53.22302158,0.01,0.8,0.02,0.287769784172662
370,52,2,9,3,172,"Frequency",80,10000,NA,75.271,0,0.01,27.97697842,0.01,0.8,0.02,0.287769784172662
371,40,2,2,2,239,"Frequency",278,278,NA,179.333,0,1,71.22302158,0.01,0.8,0.02,0.287769784172662
372,59,1,10,3,246,"Probability",NA,NA,90,163.905,0,0.9,61.22302158,0.01,0.8,0.02,0.287769784172662
373,30,2,1,2,168,"Frequency",80,10000,NA,82.892,0,0.01,27.97697842,0.01,0.8,0.02,0.287769784172662
374,44,2,3,2,392,"Probability",NA,NA,80,270.48,0,0.8,51.22302158,0.01,0.8,0.02,0.287769784172662
375,56,2,8,2,202,"Probability",NA,NA,2.8,124.316,0,0.03,25.97697842,0.01,0.8,0.02,0.287769784172662
377,59,2,2,2,180,"Probability",NA,NA,80,96.19,0,0.8,51.22302158,0.01,0.8,0.02,0.287769784172662
378,36,2,9,2,196,"Probability",NA,NA,2,131.806,0,0.02,26.77697842,0.01,0.8,0.02,0.287769784172662
380,36,1,1,4,191,"Frequency",100,278,NA,161.321,0,0.36,7.194244604,0.01,0.8,0.02,0.287769784172662
383,32,2,3,3,144,"Probability",NA,NA,80,67.233,0,0.8,51.22302158,0.01,0.8,0.02,0.287769784172662
384,38,2,1,2,195,"Probability",NA,NA,100,126.209,0,1,71.22302158,0.01,0.8,0.02,0.287769784172662
385,43,2,10,3,98,"Frequency",3,100,NA,64.297,0,0.03,25.77697842,0.01,0.8,0.02,0.287769784172662
387,72,1,1,4,151,"Frequency",278,19900,NA,83.885,0,0.01,27.37999349,0.01,0.8,0.02,0.287769784172662
389,36,2,3,4,112,"Frequency",2,100,NA,62.553,0,0.02,26.77697842,0.01,0.8,0.02,0.287769784172662
392,41,1,1,2,201,"Probability",NA,NA,80,97.456,0,0.8,51.22302158,0.01,0.8,0.02,0.287769784172662
393,65,1,1,3,131,"Probability",NA,NA,1,70.61,0,0.01,27.77697842,0.01,0.8,0.02,0.287769784172662
394,29,1,1,4,98,"Probability",NA,NA,4,60.703,0,0.04,24.77697842,0.01,0.8,0.02,0.287769784172662
395,28,3,10,3,117,"Probability",NA,NA,30,66.702,0,0.3,1.223021583,0.01,0.8,0.02,0.287769784172662
398,26,1,3,3,717,"Probability",NA,NA,80,609.691,0,0.8,51.22302158,0.01,0.8,0.02,0.287769784172662
399,64,2,10,3,336,"Probability",NA,NA,0.8,120.041,0,0.01,27.97697842,0.01,0.8,0.02,0.287769784172662
400,29,2,10,4,131,"Probability",NA,NA,78.4,81.197,0,0.78,49.62302158,0.01,0.8,0.02,0.287769784172662
401,62,2,1,2,245,"Frequency",80,100,NA,183.123,0,0.8,51.22302158,0.01,0.8,0.02,0.287769784172662
402,42,1,1,3,123,"Probability",NA,NA,40,64.795,0,0.4,11.22302158,0.01,0.8,0.02,0.287769784172662
403,67,2,8,2,330,"Frequency",3,278,NA,215.049,0,0.01,27.69784173,0.01,0.8,0.02,0.287769784172662
405,28,2,1,2,118,"Frequency",100,1000,NA,59.906,0,0.1,18.77697842,0.01,0.8,0.02,0.287769784172662
406,33,2,1,3,105,"Probability",NA,NA,2,52.376,0,0.02,26.77697842,0.01,0.8,0.02,0.287769784172662
407,46,1,5,2,221,"Frequency",10,100,NA,147.47,0,0.1,18.77697842,0.01,0.8,0.02,0.287769784172662
408,26,2,1,3,564,"Probability",NA,NA,0.2,536.414,0,0,28.57697842,0.01,0.8,0.02,0.287769784172662
409,53,1,10,2,227,"Frequency",240,9100,NA,176.57,0,0.03,26.13961578,0.01,0.8,0.02,0.287769784172662
410,46,2,3,2,352,"Frequency",278,10000,NA,224.724,0,0.03,25.99697842,0.01,0.8,0.02,0.287769784172662
411,48,1,2,3,157,"Probability",NA,NA,78,109.819,0,0.78,49.22302158,0.01,0.8,0.02,0.287769784172662
413,46,1,1,4,328,"Probability",NA,NA,79,139.541,0,0.79,50.22302158,0.01,0.8,0.02,0.287769784172662
414,34,1,7,3,167,"Frequency",80,100,NA,37.883,0,0.8,51.22302158,0.01,0.8,0.02,0.287769784172662
415,53,1,1,3,235,"Frequency",100,278,NA,167.861,0,0.36,7.194244604,0.01,0.8,0.02,0.287769784172662
416,31,2,1,3,106,"Frequency",80,9900,NA,57.826,0,0.01,27.96889761,0.01,0.8,0.02,0.287769784172662
418,38,2,10,4,184,"Probability",NA,NA,40,122.901,0,0.4,11.22302158,0.01,0.8,0.02,0.287769784172662
421,37,1,7,3,189,"Probability",NA,NA,32,147.868,0,0.32,3.223021583,0.01,0.8,0.02,0.287769784172662
423,30,1,3,3,81,"Probability",NA,NA,0.3,34.603,0,0,28.47697842,0.01,0.8,0.02,0.287769784172662
425,41,1,1,4,338,"Frequency",158,198,NA,93.997,0,0.8,51.02100138,0.01,0.8,0.02,0.287769784172662
426,53,1,5,2,188,"Probability",NA,NA,80,95.743,0,0.8,51.22302158,0.01,0.8,0.02,0.287769784172662
427,31,1,10,3,139,"Probability",NA,NA,80,95.95,0,0.8,51.22302158,0.01,0.8,0.02,0.287769784172662
428,43,1,7,3,165,"Probability",NA,NA,80,86.246,0,0.8,51.22302158,0.01,0.8,0.02,0.287769784172662
429,31,1,1,5,174,"Probability",NA,NA,20,115.401,0,0.2,8.776978417,0.01,0.8,0.02,0.287769784172662
431,60,1,8,4,138,"Probability",NA,NA,0.8,73.062,0,0.01,27.97697842,0.01,0.8,0.02,0.287769784172662
432,30,1,10,3,54,"Probability",NA,NA,1,26.789,0,0.01,27.77697842,0.01,0.8,0.02,0.287769784172662
434,65,2,8,3,261,"Probability",NA,NA,80,129.857,0,0.8,51.22302158,0.01,0.8,0.02,0.287769784172662
435,31,1,10,3,212,"Frequency",100,10000,NA,128.731,0,0.01,27.77697842,0.01,0.8,0.02,0.287769784172662
437,44,1,1,2,103,"Frequency",198,9900,NA,60.672,0,0.02,26.77697842,0.01,0.8,0.02,0.287769784172662
439,41,1,10,2,145,"Probability",NA,NA,0.5,46.84,0,0,28.27697842,0.01,0.8,0.02,0.287769784172662
440,31,1,2,2,83,"Frequency",1,100,NA,43.726,0,0.01,27.77697842,0.01,0.8,0.02,0.287769784172662
441,57,2,1,4,138,"Probability",NA,NA,75,82.8,0,0.75,46.22302158,0.01,0.8,0.02,0.287769784172662
442,43,2,1,3,192,"Probability",NA,NA,98,109.71,0,0.98,69.22302158,0.01,0.8,0.02,0.287769784172662
443,64,2,2,3,130,"Frequency",1,1000,NA,57.495,0,0,28.67697842,0.01,0.8,0.02,0.287769784172662
444,61,1,1,3,331,"Frequency",278,10000,NA,193.972,0,0.03,25.99697842,0.01,0.8,0.02,0.287769784172662
446,68,2,1,4,247,"Probability",NA,NA,80,100.745,0,0.8,51.22302158,0.01,0.8,0.02,0.287769784172662
449,32,1,10,3,202,"Frequency",1,100,NA,138.472,0,0.01,27.77697842,0.01,0.8,0.02,0.287769784172662
451,52,2,3,2,156,"Probability",NA,NA,82,81.379,0,0.82,53.22302158,0.01,0.8,0.02,0.287769784172662
452,45,1,7,3,175,"Probability",NA,NA,0.5,116.577,0,0,28.27697842,0.01,0.8,0.02,0.287769784172662
454,76,2,1,3,333,"Probability",NA,NA,98,200.779,0,0.98,69.22302158,0.01,0.8,0.02,0.287769784172662
455,76,2,8,3,173,"Frequency",60,100,NA,75.978,0,0.6,31.22302158,0.01,0.8,0.02,0.287769784172662
456,37,2,9,2,192,"Frequency",300,10000,NA,80.441,0,0.03,25.77697842,0.01,0.8,0.02,0.287769784172662
457,58,1,9,2,135,"Probability",NA,NA,1,46.983,0,0.01,27.77697842,0.01,0.8,0.02,0.287769784172662
460,44,2,9,4,172,"Probability",NA,NA,1,118.561,0,0.01,27.77697842,0.01,0.8,0.02,0.287769784172662
461,43,1,1,3,145,"Probability",NA,NA,1,85.179,0,0.01,27.77697842,0.01,0.8,0.02,0.287769784172662
464,73,2,8,2,394,"Probability",NA,NA,2,224.485,0,0.02,26.77697842,0.01,0.8,0.02,0.287769784172662
466,55,1,1,2,275,"Frequency",9,100,NA,182.267,0,0.09,19.77697842,0.01,0.8,0.02,0.287769784172662
467,42,1,7,4,207,"Frequency",29,100,NA,139.712,0,0.29,0.223021583,0.01,0.8,0.02,0.287769784172662
468,48,1,10,2,107,"Probability",NA,NA,80,51.462,0,0.8,51.22302158,0.01,0.8,0.02,0.287769784172662
469,42,1,3,3,662,"Probability",NA,NA,0.2,572.623,0,0,28.57697842,0.01,0.8,0.02,0.287769784172662
470,55,2,1,4,145,"Probability",NA,NA,2,67.872,0,0.02,26.77697842,0.01,0.8,0.02,0.287769784172662
471,46,1,10,3,128,"Frequency",1,100,NA,91.675,0,0.01,27.77697842,0.01,0.8,0.02,0.287769784172662
472,43,1,1,3,161,"Probability",NA,NA,78,104.793,0,0.78,49.22302158,0.01,0.8,0.02,0.287769784172662
476,47,1,10,4,281,"Frequency",80,1000,NA,241.43,0,0.08,20.77697842,0.01,0.8,0.02,0.287769784172662
477,54,1,2,3,205,"Frequency",2.8,100,NA,129.517,0,0.03,25.97697842,0.01,0.8,0.02,0.287769784172662
478,36,2,1,3,276,"Frequency",100,10000,NA,200.131,0,0.01,27.77697842,0.01,0.8,0.02,0.287769784172662
479,46,1,1,3,261,"Probability",NA,NA,0.8,71.207,0,0.01,27.97697842,0.01,0.8,0.02,0.287769784172662
480,49,2,3,2,392,"Frequency",4,5,NA,323.464,0,0.8,51.22302158,0.01,0.8,0.02,0.287769784172662
481,42,1,1,2,94,"Probability",NA,NA,78,58.146,0,0.78,49.22302158,0.01,0.8,0.02,0.287769784172662
483,27,1,1,3,156,"Frequency",279,10000,NA,41.93,0,0.03,25.98697842,0.01,0.8,0.02,0.287769784172662
485,28,1,10,2,193,"Probability",NA,NA,0.8,132.374,0,0.01,27.97697842,0.01,0.8,0.02,0.287769784172662
486,50,2,10,3,477,"Probability",NA,NA,2,350.607,0,0.02,26.77697842,0.01,0.8,0.02,0.287769784172662
487,51,1,1,3,116,"Probability",NA,NA,80,68.747,0,0.8,51.22302158,0.01,0.8,0.02,0.287769784172662
488,64,1,8,4,282,"Frequency",80,100,NA,180.37,0,0.8,51.22302158,0.01,0.8,0.02,0.287769784172662
489,55,1,10,2,477,"Probability",NA,NA,123,430.289,0,1.23,94.22302158,0.01,0.8,0.02,0.287769784172662
490,52,1,1,4,92,"Probability",NA,NA,2.8,38.791,0,0.03,25.97697842,0.01,0.8,0.02,0.287769784172662
491,40,1,1,3,203,"Frequency",278,10000,NA,103.529,0,0.03,25.99697842,0.01,0.8,0.02,0.287769784172662
492,36,2,7,4,302,"Frequency",100,100,NA,238.25,0,1,71.22302158,0.01,0.8,0.02,0.287769784172662
493,22,1,9,2,93,"Frequency",2,100,NA,45.084,0,0.02,26.77697842,0.01,0.8,0.02,0.287769784172662
495,54,1,7,3,305,"Probability",NA,NA,1,184.314,0,0.01,27.77697842,0.01,0.8,0.02,0.287769784172662
496,37,2,9,3,299,"Frequency",80,10000,NA,148.758,0,0.01,27.97697842,0.01,0.8,0.02,0.287769784172662
498,37,1,10,3,410,"Frequency",80,278,NA,266.718,1,0.29,0,0.01,0.8,0.02,0.287769784172662
499,54,1,9,2,201,"Frequency",80,298,NA,76.262,0,0.27,1.931340833,0.01,0.8,0.02,0.287769784172662
500,41,1,5,2,230,"Frequency",17,178,NA,160.285,0,0.1,19.22641662,0.01,0.8,0.02,0.287769784172662
501,52,1,1,1,202,"Frequency",278,10000,NA,134.822,0,0.03,25.99697842,0.01,0.8,0.02,0.287769784172662
502,28,1,9,2,428,"Frequency",222,278,NA,342.593,0,0.8,51.07913669,0.01,0.8,0.02,0.287769784172662
505,41,1,2,3,166,"Frequency",278,10000,NA,110.779,0,0.03,25.99697842,0.01,0.8,0.02,0.287769784172662
506,68,1,8,5,261,"Frequency",80,278,NA,189.801,1,0.29,0,0.01,0.8,0.02,0.287769784172662
507,58,1,2,3,222,"Probability",NA,NA,10,135.977,0,0.1,18.77697842,0.01,0.8,0.02,0.287769784172662
508,58,1,1,2,332,"Probability",NA,NA,78,173.347,0,0.78,49.22302158,0.01,0.8,0.02,0.287769784172662
509,53,1,1,3,218,"Frequency",278,10000,NA,159.019,0,0.03,25.99697842,0.01,0.8,0.02,0.287769784172662
513,56,1,1,2,268,"Frequency",20,100,NA,126.654,0,0.2,8.776978417,0.01,0.8,0.02,0.287769784172662
514,47,1,9,5,137,"Frequency",80,178,NA,78.805,0,0.45,16.16684181,0.01,0.8,0.02,0.287769784172662
516,27,2,2,2,234,"Frequency",278,10000,NA,166.455,0,0.03,25.99697842,0.01,0.8,0.02,0.287769784172662
517,24,2,9,4,717,"Frequency",2,200,NA,687.112,0,0.01,27.77697842,0.01,0.8,0.02,0.287769784172662
519,56,1,3,2,379,"Probability",NA,NA,76,322.032,0,0.76,47.22302158,0.01,0.8,0.02,0.287769784172662
520,40,1,1,3,108,"Probability",NA,NA,0.04,80.821,0,0,28.73697842,0.01,0.8,0.02,0.287769784172662
521,22,1,1,4,202,"Probability",NA,NA,1,135.318,0,0.01,27.77697842,0.01,0.8,0.02,0.287769784172662
524,32,1,1,3,162,"Frequency",3,278,NA,121.425,0,0.01,27.69784173,0.01,0.8,0.02,0.287769784172662
525,28,1,1,4,1048,"Frequency",278,10000,NA,769.125,0,0.03,25.99697842,0.01,0.8,0.02,0.287769784172662
527,31,1,1,2,146,"Frequency",100,10000,NA,81.48,0,0.01,27.77697842,0.01,0.8,0.02,0.287769784172662
528,58,1,8,3,475,"Frequency",80,278,NA,398.554,1,0.29,0,0.01,0.8,0.02,0.287769784172662
529,50,1,1,3,162,"Probability",NA,NA,80,86.233,0,0.8,51.22302158,0.01,0.8,0.02,0.287769784172662
531,57,1,8,3,217,"Frequency",40,139,NA,163.662,0,0.29,0,0.01,0.8,0.02,0.287769784172662
532,55,2,9,3,350,"Probability",NA,NA,1,224.828,0,0.01,27.77697842,0.01,0.8,0.02,0.287769784172662
533,27,1,1,3,122,"Probability",NA,NA,89,67.443,0,0.89,60.22302158,0.01,0.8,0.02,0.287769784172662
534,32,1,7,2,78,"Probability",NA,NA,80,21.35,0,0.8,51.22302158,0.01,0.8,0.02,0.287769784172662
537,45,1,9,2,444,"Probability",NA,NA,1,232.202,0,0.01,27.77697842,0.01,0.8,0.02,0.287769784172662
538,43,1,5,2,138,"Frequency",80,100,NA,100.482,0,0.8,51.22302158,0.01,0.8,0.02,0.287769784172662
539,25,1,9,2,102,"Frequency",1,100,NA,61.534,0,0.01,27.77697842,0.01,0.8,0.02,0.287769784172662
540,37,1,3,3,83,"Probability",NA,NA,2,44.389,0,0.02,26.77697842,0.01,0.8,0.02,0.287769784172662
541,44,1,5,4,80,"Probability",NA,NA,75,41.458,0,0.75,46.22302158,0.01,0.8,0.02,0.287769784172662
542,51,2,1,4,284,"Probability",NA,NA,74,33.201,0,0.74,45.22302158,0.01,0.8,0.02,0.287769784172662
544,62,1,1,4,254,"Probability",NA,NA,1,172.646,0,0.01,27.77697842,0.01,0.8,0.02,0.287769784172662
545,38,1,1,4,247,"Frequency",80,10000,NA,167.569,0,0.01,27.97697842,0.01,0.8,0.02,0.287769784172662
546,42,1,10,3,221,"Probability",NA,NA,80,159.249,0,0.8,51.22302158,0.01,0.8,0.02,0.287769784172662
547,55,1,8,2,228,"Probability",NA,NA,0.82,192.201,0,0.01,27.95697842,0.01,0.8,0.02,0.287769784172662
548,34,1,9,3,178,"Probability",NA,NA,98,125.777,0,0.98,69.22302158,0.01,0.8,0.02,0.287769784172662
550,41,1,1,2,147,"Frequency",8,100,NA,82.423,0,0.08,20.77697842,0.01,0.8,0.02,0.287769784172662
554,54,1,10,2,179,"Frequency",200,10000,NA,75.942,0,0.02,26.77697842,0.01,0.8,0.02,0.287769784172662
555,33,1,1,4,201,"Probability",NA,NA,0.008,164.579,0,0,28.76897842,0.01,0.8,0.02,0.287769784172662
558,43,1,9,2,426,"Frequency",1,198,NA,208.732,0,0.01,28.27192791,0.01,0.8,0.02,0.287769784172662
560,60,1,8,2,176,"Probability",NA,NA,2,91.432,0,0.02,26.77697842,0.01,0.8,0.02,0.287769784172662
562,53,1,1,3,388,"Probability",NA,NA,20,259.025,0,0.2,8.776978417,0.01,0.8,0.02,0.287769784172662
563,45,2,7,3,137,"Frequency",20,10000,NA,65.147,0,0,28.57697842,0.01,0.8,0.02,0.287769784172662
564,18,1,10,2,222,"Frequency",100,198,NA,109.079,0,0.51,21.72807209,0.01,0.8,0.02,0.287769784172662
565,22,2,3,3,973,"Probability",NA,NA,40,50.721,0,0.4,11.22302158,0.01,0.8,0.02,0.287769784172662
567,31,1,1,3,263,"Frequency",38,100,NA,217.198,0,0.38,9.223021583,0.01,0.8,0.02,0.287769784172662
568,52,2,3,2,589,"Frequency",80,280,NA,527.722,0,0.29,0.205549846,0.01,0.8,0.02,0.287769784172662
570,42,1,3,3,259,"Frequency",200,10000,NA,30.677,0,0.02,26.77697842,0.01,0.8,0.02,0.287769784172662
572,48,1,3,3,271,"Probability",NA,NA,25,140.649,0,0.25,3.776978417,0.01,0.8,0.02,0.287769784172662
573,36,1,3,4,251,"Probability",NA,NA,50,81.466,0,0.5,21.22302158,0.01,0.8,0.02,0.287769784172662
575,63,1,8,2,332,"Frequency",3,278,NA,184.043,0,0.01,27.69784173,0.01,0.8,0.02,0.287769784172662
582,59,3,10,3,857,"Probability",NA,NA,78,164.934,0,0.78,49.22302158,0.01,0.8,0.02,0.287769784172662
583,29,1,1,3,486,"Frequency",198,9900,NA,55.308,0,0.02,26.77697842,0.01,0.8,0.02,0.287769784172662
584,67,1,8,3,364,"Frequency",80,278,NA,268.936,1,0.29,0,0.01,0.8,0.02,0.287769784172662
585,60,1,7,3,615,"Frequency",80,278,NA,473.27,1,0.29,0,0.01,0.8,0.02,0.287769784172662
586,36,1,2,3,353,"Probability",NA,NA,98,316.59,0,0.98,69.22302158,0.01,0.8,0.02,0.287769784172662
587,54,2,2,2,1146,"Frequency",278,10000,NA,248.471,0,0.03,25.99697842,0.01,0.8,0.02,0.287769784172662
588,49,1,9,3,139,"Probability",NA,NA,80,90.981,0,0.8,51.22302158,0.01,0.8,0.02,0.287769784172662
591,21,1,1,2,438,"Probability",NA,NA,98,118.295,0,0.98,69.22302158,0.01,0.8,0.02,0.287769784172662
592,43,2,6,1,154,"Frequency",80,1000,NA,82.018,0,0.08,20.77697842,0.01,0.8,0.02,0.287769784172662
593,26,1,1,4,1022,"Probability",NA,NA,28.8,943.116,1,0.29,0.023021583,0.01,0.8,0.02,0.287769784172662
594,50,1,10,2,369,"Frequency",75,100,NA,252.715,0,0.75,46.22302158,0.01,0.8,0.02,0.287769784172662
595,54,1,1,2,134,"Probability",NA,NA,80,81.804,0,0.8,51.22302158,0.01,0.8,0.02,0.287769784172662
596,40,2,3,3,128,"Probability",NA,NA,2,71.824,0,0.02,26.77697842,0.01,0.8,0.02,0.287769784172662
597,43,1,1,3,1208,"Frequency",270,1000,NA,40.618,0,0.27,1.776978417,0.01,0.8,0.02,0.287769784172662
600,43,2,3,3,95,"Probability",NA,NA,33,61.35,0,0.33,4.223021583,0.01,0.8,0.02,0.287769784172662
